doi,title,journal,file,source,is_oa,oa_status,oa_url
10.1001/jama.282.20.1979,10.1001/jama.282.20.1979,,10-1001-jama-282-20-1979.md,papers,False,closed,
10.1007/978-1-4020-6754-9_3761,10.1007/978-1-4020-6754-9_3761,,10-1007-978-1-4020-6754-9-3761.md,papers,False,closed,
10.7554/elife.17214.001,10.7554/elife.17214.001,,10-7554-elife-17214-001.md,papers,False,error,HTTP Error 404: Not Found
10.1111/tpj.15772,Advances and applications of single‐cell omics technologies in plant research,"""The Plant Journal""",advances-and-applications-of-single-cell-omics-technologies-in-plant-research.md,papers,False,closed,
10.1038/s41477-025-02204-5,Spatial transcriptomics decodes the cellular landscape of plant-pathogen interac,,b3-Gz0p6FMAVxjOjgCBDZI1Pw.md,papers,False,closed,
10.1093/plcell/koag035,Single-cell and tissue transcriptomes unveil factors regulating vein initiation ,,b3-OMNR04TzRVVJ6LhX-aZBdA.md,papers,False,closed,
10.1093/plcell/koag095,Spongy mesophyll cell death is induced by jasmonic acid during leaf senescence i,,b3-_Nbsf2Btoy13ViQICnAbiw.md,papers,False,closed,
10.1111/pce.70169,created: 2026-05-28,,b4-A4eRtTpTuVLrP6mvHWMndA.md,papers,False,closed,
10.1093/plcell/koag003,The Arabidopsis PRC2 subunit MSI1 interacts with HY5 to repress hypocotyl elonga,,b6-_4lVabIoRyC91sLMxSI_ig.md,papers,False,closed,
10.1016/j.jgg.2026.03.024,An integrative gene regulatory network identifies transcriptional hubs governing,,b6-w-bO19EiGBKPR_ELsaEeRQ.md,papers,False,closed,
10.1111/nph.71235,The MYC2-MYB113 module governs JA signaling to regulate anthocyanin accumulation,,b6-wQ3FrPqm0Jv4M8pYV6K4cA.md,papers,False,closed,
10.1101/2025.12.09.693185,蓝光受体CRY1调控从头茎再生,,biorxiv-2025-12-09-693185.md,papers,False,error,HTTP Error 404: Not Found
10.1111/jipb.70272,"Single-cell insights into plant growth, adaptation, and evolution.",,capsicum-metabolite-spatial-patterning.md,papers,False,closed,
10.1089/omi.2011.0118,clusterProfiler: an R package for comparing biological themes among gene cluster,,cr-omi-2011-0118.md,papers,False,closed,
10.1038/s41477-023-01387-z,Integrated single-nucleus and spatial transcriptomics captures transitional stat,,cr-s41477-023-01387-z.md,papers,False,closed,
10.1126/science.1090022,A gene expression map of the Arabidopsis root.,,cr-science-1090022.md,papers,False,closed,
10.1111/tpj.70926,PfCYP94C179 endows resistance to fenoxaprop-P-ethyl in Polypogon fugax: insights,,daily-42133864.md,papers,False,closed,
10.1016/j.plantsci.2026.113237,Age-Dependent Modulation of Antioxidant Defense and Secondary Metabolite Accumul,,daily-42178064.md,papers,False,closed,
10.1111/1744-7917.70298,Biodegradation of polyvinyl chloride (PVC) microplastics in superworms (Zophobas,,daily-42186851.md,papers,False,closed,
10.1016/j.jplph.2026.154801,CsMYB6 promotes crocins biosynthesis in response to JA signaling in Crocus sativ,,daily-42202640.md,papers,False,closed,
10.1016/j.plantsci.2026.113239,Transcriptomic and physiological analyses reveal the mechanism of acetylene-indu,,daily-42202962.md,papers,False,closed,
10.1093/plcell/koag149,CDC48A and the UBA-domain protein PUX10 regulate the ubiquitin-dependent degrada,,daily-42203491.md,papers,False,closed,
10.1111/pce.70640,Endophyte Bacillus sp. RE35 Enhances Cd Trap in Rice Roots Via Root Cell Wall Re,,daily-42204378.md,papers,False,closed,
10.1111/pce.70638,A Plasmodiophora Brassicae Effector PbCBM1 Promotes Clubroot Susceptibility by C,,daily-42204415.md,papers,False,closed,
10.1093/plphys/kiag191,Drought-responsive TaMIP1 controls root density to confer the tradeoff between g,,daily-42206621.md,papers,False,closed,
10.1016/j.tplants.2023.10.002,Introducing single cell stereo-sequencing technology to transform the plant transcriptome landscape,"""Trends in Plant Science""",introducing-single-cell-stereo-sequencing-technology-to-transform-the-plant-tran.md,papers,False,closed,
10.1038/s41477-026-02293-w,Laminar patterning transcription factors orchestrate spatial metabolite partitio,,maize-rust-sc-spatial-immune.md,papers,False,closed,
10.1007/s00344-026-12263-3,Targeted Profiling of Signaling Molecules in Papaver rhoeas L. Reveals that Onse,,ms-10-1007_s00344-026-12263-3.md,papers,False,closed,
10.1007/s00468-026-02776-5,Early development of stem units and the modular organization of the branch in No,,ms-10-1007_s00468-026-02776-5.md,papers,False,closed,
10.1007/s42535-026-01689-5,Influence of picloram and BAP on callus cultures for vindoline synthesis in Cath,,ms-10-1007_s42535-026-01689-5.md,papers,False,closed,
10.1016/j.adhoc.2026.104308,Energy-efficient optimization in multi-gateway LoRa networks via Q-learning with,,ms-10-1016_j-adhoc-2026-104308.md,papers,False,closed,
10.1016/j.anucene.2026.112385,Causal-informed multi-task learning for probabilistic trend prediction of nuclea,,ms-10-1016_j-anucene-2026-112385.md,papers,False,closed,
10.1016/j.anucene.2026.112408,Multi-objective layout optimization of nuclear power plant buildings considering,,ms-10-1016_j-anucene-2026-112408.md,papers,False,closed,
10.1016/j.apcatb.2026.126992,Scalable one-step preparation of supported ultrasmall CeO2 with optimized Lewis ,,ms-10-1016_j-apcatb-2026-126992.md,papers,False,closed,
10.1016/j.apcatb.2026.126998,Engineered frustrated Lewis pairs and Brønsted acid sites as dual-active sites f,,ms-10-1016_j-apcatb-2026-126998.md,papers,False,closed,
10.1016/j.apcatb.2026.127024,Lu single atoms create long-lived interlayer charge highways for efficient visib,,ms-10-1016_j-apcatb-2026-127024.md,papers,False,closed,
10.1016/j.apcatb.2026.127033,Unraveling the role of reaction intermediates in CO2 hydrogenation to light arom,,ms-10-1016_j-apcatb-2026-127033.md,papers,False,closed,
10.1016/j.apcatb.2026.127035,Promoting light olefin selectivity from CO2 hydrogenation over nanosized SAPO-34,,ms-10-1016_j-apcatb-2026-127035.md,papers,False,closed,
10.1016/j.apcatb.2026.127044,Natural light driven high concentration 5-hydroxymethylfurfural oxidation couple,,ms-10-1016_j-apcatb-2026-127044.md,papers,False,closed,
10.1016/j.apergo.2026.104830,Examining stress among older women during travel in autonomous vehicles,,ms-10-1016_j-apergo-2026-104830.md,papers,False,error,HTTP Error 404: Not Found
10.1016/j.apm.2026.116939,Configuration innovation and unified/accurate dynamics modelling methodology for,,ms-10-1016_j-apm-2026-116939.md,papers,False,closed,
10.1016/j.asoc.2026.115515,A lightweight CNN supported by partially skip-connected CAE for plant disease id,,ms-10-1016_j-asoc-2026-115515.md,papers,False,closed,
10.1016/j.bbi.2026.106822,Multi-omics profiling of cerebrospinal fluid in autoimmune encephalitis: insight,,ms-10-1016_j-bbi-2026-106822.md,papers,False,closed,
10.1016/j.bcdf.2026.100542,Low-GI traditional rice germplasms as functional foods: Scaling traditional know,,ms-10-1016_j-bcdf-2026-100542.md,papers,False,closed,
10.1016/j.biomaterials.2026.124337,Helical quaternary amine polypeptide programs membrane stress to drive immunogen,,ms-10-1016_j-biomaterials-2026-124337.md,papers,False,closed,
10.1016/j.biombioe.2026.109616,Production of levulinic acid from microalgal euglena using a lignin-derived Brøn,,ms-10-1016_j-biombioe-2026-109616.md,papers,False,closed,
10.1016/j.biombioe.2026.109627,CO2 emission mitigation and energy enhancement in silica recovery from rice husk,,ms-10-1016_j-biombioe-2026-109627.md,papers,False,closed,
10.1016/j.biombioe.2026.109632,Optimization of hydrodeoxygenation of palm fatty acid distillate to green diesel,,ms-10-1016_j-biombioe-2026-109632.md,papers,False,closed,
10.1016/j.biortech.2026.134897,Multilevel cytochrome P450 engineering integrating protein language model-guided,,ms-10-1016_j-biortech-2026-134897.md,papers,False,closed,
10.1016/j.biortech.2026.134967,Engineering of β-glucosidase for rare ginsenoside biosynthesis via distal confor,,ms-10-1016_j-biortech-2026-134967.md,papers,False,closed,
10.1016/j.biortech.2026.134994,Modular pathway engineering enables gram-scale de novo biosynthesis of narirutin,,ms-10-1016_j-biortech-2026-134994.md,papers,False,closed,
10.1016/j.cbd.2026.101885,Molecular adaptation of caspase genes to salinity stress in the tropical sea cuc,,ms-10-1016_j-cbd-2026-101885.md,papers,False,closed,
10.1016/j.cellsig.2026.112579,Multi-omics identifies RNF149 as a key molecular marker mediating neuron-glia in,,ms-10-1016_j-cellsig-2026-112579.md,papers,False,closed,
10.1016/j.cnsns.2026.110181,Observer-based boundary consensus of reaction-diffusion multi-agent systems by p,,ms-10-1016_j-cnsns-2026-110181.md,papers,False,closed,
10.1016/j.colsurfa.2026.140904,Europium-activated silicate-based phosphors with enhanced far-red light emission,,ms-10-1016_j-colsurfa-2026-140904.md,papers,False,closed,
10.1016/j.colsurfa.2026.140920,Enhancement mechanisms of flavonoid-based enhancers: A sustainable strategy for ,,ms-10-1016_j-colsurfa-2026-140920.md,papers,False,closed,
10.1016/j.colsurfa.2026.140962,Synergistic network formation of gallic acid-modified chitosan and metal ions fo,,ms-10-1016_j-colsurfa-2026-140962.md,papers,False,closed,
10.1016/j.colsurfb.2026.115809,De Novo developing nanoplatform encapsuling α-arbutin and α-syn inhibitor for pr,,ms-10-1016_j-colsurfb-2026-115809.md,papers,False,closed,
10.1016/j.compbiolchem.2026.109076,DeepStruct: Multi-modal deep learning integrating omics and energy scoring for p,,ms-10-1016_j-compbiolchem-2026-109076.md,papers,False,closed,
10.1016/j.compbiolchem.2026.109095,Integrative multi-omics analysis identifies stromal-immune crosstalk as a determ,,ms-10-1016_j-compbiolchem-2026-109095.md,papers,False,closed,
10.1016/j.compbiolchem.2026.109103,Identification and validation of cholesterol homeostasis and NK cell-associated ,,ms-10-1016_j-compbiolchem-2026-109103.md,papers,False,closed,
10.1016/j.compbiolchem.2026.109112,A variational graph autoencoder guided by residual multi-head attention reveals ,,ms-10-1016_j-compbiolchem-2026-109112.md,papers,False,closed,
10.1016/j.csda.2026.108414,Gaussian copula correlation network analysis of mixed-type data using a semi-par,,ms-10-1016_j-csda-2026-108414.md,papers,False,closed,
10.1016/j.desal.2026.120329,Performance prediction of multi-effect desalination (MED) plant: Experimental ev,,ms-10-1016_j-desal-2026-120329.md,papers,False,closed,
10.1016/j.displa.2026.103542,RS-SLAM: A visual SLAM system suitable for low-light environments,,ms-10-1016_j-displa-2026-103542.md,papers,False,closed,
10.1016/j.epsr.2026.113296,Multi-node customer load uncertainty prediction based on adaptive multi-scale sp,,ms-10-1016_j-epsr-2026-113296.md,papers,False,closed,
10.1016/j.eswa.2026.132957,A spatial knowledge-driven decision support framework for multi-objective bus co,,ms-10-1016_j-eswa-2026-132957.md,papers,False,closed,
10.1016/j.exer.2026.111089,Regulation of lens epithelial cell senescence by cyclic mechanical stretch: Mult,,ms-10-1016_j-exer-2026-111089.md,papers,False,closed,
10.1016/j.fm.2026.105136,Microbial factories for lipid: Engineering synthetic routes and regulatory netwo,,ms-10-1016_j-fm-2026-105136.md,papers,False,closed,
10.1016/j.foodhyd.2026.112786,Emerging strategies for plant protein modification to improve their foam formati,,ms-10-1016_j-foodhyd-2026-112786.md,papers,False,closed,
10.1016/j.freeradbiomed.2026.05.328,Spatial multi-omics reveals region-specific redox dysregulation in chronic arist,,ms-10-1016_j-freeradbiomed-2026-05-328.md,papers,False,closed,
10.1016/j.fsigen.2026.103544,COSA: A consolidated methylation-based prediction panel for body fluid/tissue of,,ms-10-1016_j-fsigen-2026-103544.md,papers,False,closed,
10.1016/j.fuel.2026.139435,Enhanced hydrocarbons generation of cyclic catalytic pyrolysis of acid-washed sw,,ms-10-1016_j-fuel-2026-139435.md,papers,False,closed,
10.1016/j.fuel.2026.139468,Highly dispersed Ni-Mo encapsulated in hollow mesoporous ZSM-5 as an efficient c,,ms-10-1016_j-fuel-2026-139468.md,papers,False,closed,
10.1016/j.fuel.2026.139538,Tunable production of drop-in biofuels via atmospheric-pressure hydrodeoxygenati,,ms-10-1016_j-fuel-2026-139538.md,papers,False,closed,
10.1016/j.fuel.2026.139628,Thermodynamic evaluation of an oxy-fuel combustion power plant integrated with L,,ms-10-1016_j-fuel-2026-139628.md,papers,False,closed,
10.1016/j.fuel.2026.139647,Dual single-atom catalysts modulating g-C3N4/TiO2-X S-scheme heterojunctions for,,ms-10-1016_j-fuel-2026-139647.md,papers,False,closed,
10.1016/j.fuel.2026.139682,Revealing spatial distribution characteristics of current density and voltage un,,ms-10-1016_j-fuel-2026-139682.md,papers,False,closed,
10.1016/j.fuel.2026.139727,Evaluation of effect of Mo concentration on stability for solid oxide fuel cell ,,ms-10-1016_j-fuel-2026-139727.md,papers,False,closed,
10.1016/j.fuel.2026.139730,Rational integration of heteroatoms/amino functionalization and catalytic site r,,ms-10-1016_j-fuel-2026-139730.md,papers,False,closed,
10.1016/j.fuel.2026.139731,Boosting the electrochemical performance of micro-tubular solid oxide fuel cell ,,ms-10-1016_j-fuel-2026-139731.md,papers,False,closed,
10.1016/j.fuel.2026.139747,Microstructural evolution of coal under acid and alkali erosion,,ms-10-1016_j-fuel-2026-139747.md,papers,False,closed,
10.1016/j.fuel.2026.139766,Revealing metal–acid balance of Pt/ZSM-48 catalyst on n-heptane hydroisomerizati,,ms-10-1016_j-fuel-2026-139766.md,papers,False,closed,
10.1016/j.fuel.2026.139776,"Cooperative role of Brønsted acid Sites, Fe3+, and [Fe2(μ-O)2] Oligomers in Fe/Z",,ms-10-1016_j-fuel-2026-139776.md,papers,False,closed,
10.1016/j.fuel.2026.139793,A parametric numerical study on balancing CO2-to-CO conversion and thermal stres,,ms-10-1016_j-fuel-2026-139793.md,papers,False,closed,
10.1016/j.fuel.2026.139806,Design and optimization of the flow field in a proton exchange membrane electrol,,ms-10-1016_j-fuel-2026-139806.md,papers,False,closed,
10.1016/j.fuel.2026.139871,Transformation and modes of occurrence of rare earth elements in coal fly ash fr,,ms-10-1016_j-fuel-2026-139871.md,papers,False,closed,
10.1016/j.fuel.2026.139872,Experimental research on the performance enhancement of proton exchange membrane,,ms-10-1016_j-fuel-2026-139872.md,papers,False,closed,
10.1016/j.fuel.2026.139878,Tailored design of citric acid-modified NiMoS/Al2O3 catalysts for premium upgrad,,ms-10-1016_j-fuel-2026-139878.md,papers,False,closed,
10.1016/j.fuel.2026.139925,Tailoring iron-based catalysts via support variation and metal loading for effic,,ms-10-1016_j-fuel-2026-139925.md,papers,False,closed,
10.1016/j.fuel.2026.139932,Beyond stepwise pathways: electronic origin and HOMO-LUMO gap descriptor for con,,ms-10-1016_j-fuel-2026-139932.md,papers,False,closed,
10.1016/j.fuel.2026.139937,Roles of minerals and humic acid in lignite drying,,ms-10-1016_j-fuel-2026-139937.md,papers,False,closed,
10.1016/j.fuel.2026.139938,Enhancing Tetralin Selectivity via Spatially Confined Phosphidation of MoP/Al2O3,,ms-10-1016_j-fuel-2026-139938.md,papers,False,closed,
10.1016/j.fuel.2026.139984,Gas seepage in briquetted and raw coal under high Stress: Decoupling effective S,,ms-10-1016_j-fuel-2026-139984.md,papers,False,closed,
10.1016/j.fuel.2026.140027,Oxygen-containing groups in Ni@C-N2 enable catalytic hydrogenation of oleic acid,,ms-10-1016_j-fuel-2026-140027.md,papers,False,closed,
10.1016/j.fuel.2026.140086,Full-lifecycle numerical simulation of CO2 storage with enhanced gas recovery in,,ms-10-1016_j-fuel-2026-140086.md,papers,False,closed,
10.1016/j.jbspin.2026.106074,Strategies to overcome the full potential of mesenchymal stromal cells (MSCs) fo,,ms-10-1016_j-jbspin-2026-106074.md,papers,False,closed,
10.1016/j.jep.2026.121886,Gengnianshou formula inhibits estrogen deficiency induced obesity via an HSPA5-a,,ms-10-1016_j-jep-2026-121886.md,papers,False,closed,
10.1016/j.jep.2026.121919,Clinacanthus nutans (Burm. f.) Lindau ameliorates type 2 diabetes mellitus by su,,ms-10-1016_j-jep-2026-121919.md,papers,False,closed,
10.1016/j.jfoodeng.2026.113139,Co-modified rice starch by extrusion and GML: multi-level structure,,ms-10-1016_j-jfoodeng-2026-113139.md,papers,False,closed,
10.1016/j.jfoodeng.2026.113148,Developing radio frequency technology for enhancing the processing characteristi,,ms-10-1016_j-jfoodeng-2026-113148.md,papers,False,closed,
10.1016/j.jfoodeng.2026.113149,Tribo-electrostatic separation of rice bran protein at distinctive pH: Where sur,,ms-10-1016_j-jfoodeng-2026-113149.md,papers,False,closed,
10.1016/j.jfoodeng.2026.113179,Electrical effect on multi-scale structure and gelatinization properties of rice,,ms-10-1016_j-jfoodeng-2026-113179.md,papers,False,closed,
10.1016/j.jfoodeng.2026.113182,Light propagation in an intact egg: Combining bulk optical properties measuremen,,ms-10-1016_j-jfoodeng-2026-113182.md,papers,False,closed,
10.1016/j.jmst.2026.03.017,Co-mediation of oxygen-doping and S-vacancies in CdIn2S4 enables optimal electro,,ms-10-1016_j-jmst-2026-03-017.md,papers,False,closed,
10.1016/j.jmst.2026.04.022,Three-dimensional and multimodal X-ray microscopy for structural materials: Towa,,ms-10-1016_j-jmst-2026-04-022.md,papers,False,closed,
10.1016/j.jmst.2026.04.037,Stress competition mechanism and ultra-clean process optimization of Marangoni d,,ms-10-1016_j-jmst-2026-04-037.md,papers,False,closed,
10.1016/j.jmst.2026.05.006,Robust corrosion inhibition by thiadiazole derivatives for Q235 steel in methane,,ms-10-1016_j-jmst-2026-05-006.md,papers,False,closed,
10.1016/j.jpba.2026.117584,Study on the correlation between external traits and intrinsic quality of Pseudo,,ms-10-1016_j-jpba-2026-117584.md,papers,False,closed,
10.1016/j.jphotochem.2026.117379,A Core structural design strategy for molecular resists based on inhibiting acid,,ms-10-1016_j-jphotochem-2026-117379.md,papers,False,closed,
10.1016/j.jtice.2026.106822,Organic color converter-enhanced UV-pumped white LEDs for high-bandwidth visible,,ms-10-1016_j-jtice-2026-106822.md,papers,False,closed,
10.1016/j.neucom.2026.134054,A brain-inspired SLAM system with multi-scale spatial cell model and visual temp,,ms-10-1016_j-neucom-2026-134054.md,papers,False,closed,
10.1016/j.patcog.2026.113433,Multi-modal object tracking with detailed spatial prompt learning,,ms-10-1016_j-patcog-2026-113433.md,papers,False,closed,
10.1016/j.patcog.2026.113442,FMaMIL: Synergistic spatial-frequency Mamba multi-instance learning for weakly s,,ms-10-1016_j-patcog-2026-113442.md,papers,False,closed,
10.1016/j.patcog.2026.113925,MrsNet: Multi-scale dual-domain reconstruction with spatial-spectral masked netw,,ms-10-1016_j-patcog-2026-113925.md,papers,False,closed,
10.1016/j.patcog.2026.113962,Shannon entropy-weighted views and adversarial learning for light field microsco,,ms-10-1016_j-patcog-2026-113962.md,papers,False,closed,
10.1016/j.patcog.2026.114094,"A single-cell feature selection method based on subspace and minimum redundancy,",,ms-10-1016_j-patcog-2026-114094.md,papers,False,closed,
10.1016/j.plantsci.2026.113216,Integrated multi-omics reveals divergent salt stress response mechanisms in thre,,ms-10-1016_j-plantsci-2026-113216.md,papers,False,closed,
10.1016/j.postharvbio.2026.114448,Multi-omics analysis reveals that preharvest arginine application enhances antio,,ms-10-1016_j-postharvbio-2026-114448.md,papers,False,closed,
10.1016/j.postharvbio.2026.114480,MaMYB44/MaIAA regulatory module mediates proanthocyanidin biosynthesis and fruit,,ms-10-1016_j-postharvbio-2026-114480.md,papers,False,closed,
10.1016/j.ress.2026.112807,Correlation analysis framework based on spatial traffic characteristics and modi,,ms-10-1016_j-ress-2026-112807.md,papers,False,closed,
10.1016/j.ress.2026.112892,Mitigation action-dependent prediction of nuclear plant parameters for severe ac,,ms-10-1016_j-ress-2026-112892.md,papers,False,closed,
10.1016/j.ress.2026.112930,Modeling and reliability assessment method for multi-stress accelerated degradat,,ms-10-1016_j-ress-2026-112930.md,papers,False,closed,
10.1016/j.sigpro.2026.110730,WaveCD: Physics-guided wavelet cold diffusion for low-light image denoising,,ms-10-1016_j-sigpro-2026-110730.md,papers,False,closed,
10.1016/j.snb.2026.140239,SERS sensor based on metabolic oligosaccharide engineering for detection of glyc,,ms-10-1016_j-snb-2026-140239.md,papers,False,closed,
10.1016/j.tbs.2026.101288,Commercial OD flow prediction with multi-feature spatial representation learning,,ms-10-1016_j-tbs-2026-101288.md,papers,False,closed,
10.1016/j.tice.2026.103535,Integrative multi‑omics and experimental validation reveal that Duhuo Jisheng De,,ms-10-1016_j-tice-2026-103535.md,papers,False,closed,
10.1016/j.tice.2026.103587,Mechanistic reprogramming by stem cell-derived extracellular vesicles: From carg,,ms-10-1016_j-tice-2026-103587.md,papers,False,closed,
10.1016/j.ultras.2026.108158,A Modal Synergistic Actuation Multi-Degree-of-Freedom Rotary Piezoelectric Actua,,ms-10-1016_j-ultras-2026-108158.md,papers,False,closed,
10.1038/s41577-026-01319-w,Senescent B cells accumulate in germinal centre niches of the aged human lymph n,,ms-10-1038_s41577-026-01319-w.md,papers,False,closed,
10.1038/s41587-026-03160-x,"Programmable, multiplexed and orthogonal gene control in bacteria with attenuate",,ms-10-1038_s41587-026-03160-x.md,papers,False,closed,
10.1073/pnas.2537088123,"Terephthalate, a plastic monomer, triggers phosphate metabolism rewiring in yeas",,ms-10-1073_pnas-2537088123.md,papers,False,closed,
10.1111/iej.70190,Association Between the Root Canal Microbiome and Apical Lesion Size: An Observa,,ms-10-1111_iej-70190.md,papers,False,closed,
10.1158/2159-8290.cd-16-6-iti,Highlighted Research Articles,,ms-10-1158_2159-8290-cd-16-6-iti.md,papers,False,closed,
10.1249/mss.0000000000004029,Triangulating Evidence from Observational and Mendelian Randomization Studies of,,ms-10-1249_mss-0000000000004029.md,papers,False,closed,
10.1504/ijaac.2027.10076098,Parametric optimisation of neural sliding controller for nonlinear coupling tank,,ms-10-1504_ijaac-2027-10076098.md,papers,False,closed,
10.1504/ijbpm.2027.10070054,Family incivility and its influence on job performance: mediating role of work s,,ms-10-1504_ijbpm-2027-10070054.md,papers,False,closed,
10.1504/ijcis.2027.10069859,Integrating Machine Learning and Meta-Heuristic Algorithms for Single Machine Sc,,ms-10-1504_ijcis-2027-10069859.md,papers,False,closed,
10.1504/ijims.2027.10073261,Nutrient Deficiency Classification using D-ResNet50 for Rice Crop in Indoor Farm,,ms-10-1504_ijims-2027-10073261.md,papers,False,closed,
10.1504/ijipt.2027.10078455,Edge-IoT Architecture for Real-Time Cross-Border Safety Monitoring Using Light-B,,ms-10-1504_ijipt-2027-10078455.md,papers,False,closed,
10.1515/jpem-2025-0640,A novel PAPSS2 pathogenic variant: expanding the mutational spectrum and genotyp,,ms-10-1515_jpem-2025-0640.md,papers,False,closed,
10.15556/ijsim.02.01.002,Corporate Social Responsibility: A marketing tool and/or a factor for the promot,,ms-10-15556_ijsim-02-01-002.md,papers,False,closed,
10.15556/ijsim.04.03.001,The Development of Loyalty with Online Services Customers,,ms-10-15556_ijsim-04-03-001.md,papers,False,closed,
10.21608/ejmm.2026.466693.2175,Histopathological Changes in Mice liver Infected with Methicillin-Sensitive Stap,,ms-10-21608_ejmm-2026-466693-2175.md,papers,False,closed,
10.21608/ejmm.2026.470901.2216,The Effects of Fungal Melanin on Skin Cancer (Squamous Cell Carcinoma - SCC) Ind,,ms-10-21608_ejmm-2026-470901-2216.md,papers,False,closed,
10.21608/ejmm.2026.471034.2217,Epigenetic Dysregulation of DNMT3B and Independent-Caspase-1 Serum levels in SAR,,ms-10-21608_ejmm-2026-471034-2217.md,papers,False,closed,
10.21608/ejmm.2026.472135.2234,The Effect of Toxoplasma gondii Infection on Gamma-Aminobutyric Acid (GABA) Leve,,ms-10-21608_ejmm-2026-472135-2234.md,papers,False,closed,
10.21608/ejmm.2026.477250.2286,"The Impact of Intermittent Fasting during Ramadan on Immune Cell Profiles, Pro-i",,ms-10-21608_ejmm-2026-477250-2286.md,papers,False,closed,
10.21608/ejmm.2026.477574.2293,"Correlation Between T-Cell Subsets (CD4⁺/CD8⁺), IL-17 Levels, and Multidrug-Resi",,ms-10-21608_ejmm-2026-477574-2293.md,papers,False,closed,
10.21608/ejmm.2026.478614.2303,Association of Parvovirus B19 Serostatus with Elevated Serum Levels of Soluble K,,ms-10-21608_ejmm-2026-478614-2303.md,papers,False,closed,
10.21608/ejmm.2026.479778.2313,"Assessment of FOXP3, Helios and Glucocorticoid-Induced Tumor Necrosis Factor Rec",,ms-10-21608_ejmm-2026-479778-2313.md,papers,False,closed,
10.21608/ejmm.2026.481240.2332,Cytotoxic Activity of Purified Nisin from Local Lactococcus lactis against the O,,ms-10-21608_ejmm-2026-481240-2332.md,papers,False,closed,
10.22376/ijpbs.2017.8.2.b964-972,In vitro and in vivo anticancer activity of aqueous extract of hydnocarpus penta,,ms-10-22376_ijpbs-2017-8-2-b964-972.md,papers,False,closed,
10.26434/chemrxiv.15004094/v1,Bioorthogonal tools for ethanolamine lipids and protein conjugates,,ms-10-26434_chemrxiv-15004094_v1.md,papers,False,closed,
10.31623/iksad.64,TÜRKİYE EKONOMİSİNDE CARİ AÇIK VE NEDENLERİ: ARDL ANALİZİ,,ms-10-31623_iksad-64.md,papers,False,closed,
10.3917/spub.pr2.0055,Impact du stress professionnel sur la santé physique des travailleurs : une revu,,ms-10-3917_spub-pr2-0055.md,papers,False,closed,
10.4070/kcj.2026.0007,Mapping the Cell-Cell Interactions in Cardiovascular Diseases: A Single-Cell Atl,,ms-10-4070_kcj-2026-0007.md,papers,False,closed,
10.4268/cjcmm20110223,Study of Rongban Tongmai granule on anti-oxidant stress in atherosclerosis,,ms-10-4268_cjcmm20110223.md,papers,False,closed,
10.4268/cjcmm20110225,Cell continuous extraction-HPLC determination biological affinity of 8 bufadieno,,ms-10-4268_cjcmm20110225.md,papers,False,closed,
10.56251/pdhy1805,The Australian National Audit Office and the Australian Capital Territory Audit ,,ms-10-56251_pdhy1805.md,papers,False,closed,
10.56251/qgsl3291,Pioneering Sustainable Technology Audit Practice in SAIs for Better Use of Techn,,ms-10-56251_qgsl3291.md,papers,False,closed,
10.64898/2026.05.29.728167,Histone succinylation directly inhibits Jumonji domain demethylases and stabiliz,,ms-10-64898_2026-05-29-728167.md,papers,False,closed,
10.64898/2026.06.01.728087,A multimodal perturbation atlas defines the phenotypic resolution of cellular mo,,ms-10-64898_2026-06-01-728087.md,papers,False,closed,
10.65822/j.pcl/2026.32,Immature Embryo Culture Based in-Vitro Selection To Enhance Heat Stress Toleranc,,ms-10-65822_j-pcl_2026-32.md,papers,False,closed,
10.1016/j.molp.2026.03.016,Single-cell and haplotype-resolved transcriptomics reveal molecular signatures o,,orchid-flower-sc-haplotype.md,papers,False,closed,
10.1016/j.cell.2014.03.039,Impact of Circadian Nuclear Receptor REV-ERBα on Midbrain Dopamine Production and Mood Regulation,"""Cell""",pdf-j-cell-2014-03-039.md,papers,False,closed,
10.1016/j.critrevonc.2026.105311,Integrated single‑cell and spatial transcriptomics reveal the colorectal cancer microenvironment,"""Critical Reviews in Oncology/Hematology""",pdf-j-critrevonc-2026-105311.md,papers,False,closed,
10.1016/j.tplants.2026.03.003,Mapping plant cell-type-specific responses to environmental stresses.,,plant-sc-stress-review-tips.md,papers,False,closed,
10.3791/1673-v,Fluorescence Activated Cell Sorting of Plant Protoplasts,,ref-1673-v.md,papers,False,closed,
10.3791/64876,A Simple Protocol for Mapping the Plant Root System Architecture Traits.,,ref-64876.md,papers,False,closed,
10.1007/978-1-4939-3142-2_13,Cell Proliferation Analysis Using EdU Labeling in Whole Plant and Histological S,,ref-978-1-4939-3142-2_13.md,papers,False,closed,
10.1007/978-1-4939-3572-7_13,Optimizing RNA-Seq Mapping with STAR.,,ref-978-1-4939-3572-7_13.md,papers,False,closed,
10.1007/978-1-4939-8657-6_9,Isolation of Arabidopsis Palisade and Spongy Mesophyll Cells.,,ref-978-1-4939-8657-6_9.md,papers,False,closed,
10.1007/978-1-60327-563-7_16,Computer vision as a tool to study plant development.,,ref-978-1-60327-563-7_16.md,papers,False,closed,
10.1360/jos171731,Representation of Mathematical Knowledge in National Knowledge Infrastructure,,ref-BSgenome--software-infrastruct.md,papers,False,closed,
10.1016/bs.ctdb.2015.12.002,Defining the Path from Stem Cells to Differentiated Tissue.,,ref-Chapter-Three---Defining-the-P.md,papers,False,closed,
10.1093/bib/bbaa273,scAPAtrap ：从单细胞R中鉴定和定量替代性聚腺苷酸化位点,,ref-bbaa273.md,papers,False,closed,
10.1093/bib/bbad195,CIForm作为大规模单细胞RNA-seq数据的细胞类型标注的基于Transformer的模型,,ref-bbad195.md,papers,False,closed,
10.1093/bioinformatics/btaa997,movAPA ：生物样本中替代聚腺苷酸化动态的建模和可视化,,ref-btaa997.md,papers,False,closed,
10.1093/bioinformatics/btz279,条形码、UMI、SET FORMAT和BUStools。,,ref-btz279.md,papers,False,closed,
10.1242/dev.000497,建立叶极性：小RNA和位置信号在拍摄顶点中的作用。,,ref-dev-000497.md,papers,False,closed,
10.1242/dev.106104,拟南芥分生组织干细胞生态位的高分辨率基因表达图谱。,,ref-dev-106104.md,papers,False,closed,
10.1242/dev.117.3.873,大鼠原肠胚形成期间异常快速的细胞周期表征。,,ref-dev-117-3-873.md,papers,False,closed,
10.1242/dev.119.1.57,<i>拟南芥</i>根系发育：根系形态发生显著改变的四种突变体,,ref-dev-119-1-57.md,papers,False,closed,
10.1242/dev.119.1.71,拟南芥根的细胞组织。,,ref-dev-119-1-71.md,papers,False,closed,
10.1242/dev.129.13.3207,联合芽MERISTEMLESS和WUSCHEL触发拟南芥异位器官发生。,,ref-dev-129-13-3207.md,papers,False,closed,
10.1046/j.1365-313X.1998.00137.x,Genetic evidence that the endodermis is essential for shoot gravitropism in Arab,,ref-j-1365-313X-1998-00137-x.md,papers,False,closed,
10.1111/j.1365-313X.2008.03455.x,"Arabidopsis PCFS4, a homologue of yeast polyadenylation factor Pcf11p, regulates",,ref-j-1365-313X-2008-03455-x.md,papers,False,closed,
10.1111/j.1365-313X.2009.03973.x,"Two Arabidopsis 3-ketoacyl CoA synthase genes, KCS20 and KCS2/DAISY, are functio",,ref-j-1365-313X-2009-03973-x.md,papers,False,closed,
10.1111/j.1365-313X.2010.04472.x,The intracellular Arabidopsis COPT5 transport protein is required for photosynth,,ref-j-1365-313X-2010-04472-x.md,papers,False,closed,
10.1111/j.2517-6161.1995.tb02031.x,Controlling the False Discovery Rate: A Practical and Powerful Approach to Multi,,ref-j-2517-6161-1995-tb02031-.md,papers,False,closed,
10.1111/j.2517-6161.1996.tb02080.x,Regression Shrinkage and Selection Via the Lasso,,ref-j-2517-6161-1996-tb02080-.md,papers,False,closed,
10.1016/j.bbaexp.2007.04.007,Roles of dynamic and reversible histone acetylation in plant development and pol,,ref-j-bbaexp-2007-04-007.md,papers,False,closed,
10.1016/j.bbrc.2016.12.086,Chemical inhibition of the histone acetyltransferase activity in Arabidopsis tha,,ref-j-bbrc-2016-12-086.md,papers,False,closed,
10.1016/j.cell.2025.03.024,An Arabidopsis single-nucleus atlas decodes leaf senescence and nutrient allocat,,ref-j-cell-2025-03-024.md,papers,False,closed,
10.1016/j.cub.2022.04.070,植物的生长防御权衡,,ref-j-cub-2022-04-070.md,papers,False,closed,
10.3410/f.735384662.793561483,Faculty Opinions recommendation of Spatiotemporal Developmental Trajectories in ,,ref-j-devcel-2019-01-006.md,papers,False,closed,
10.1016/j.devcel.2022.07.017,Mechanical conflict caused by a cell-wall-loosening enzyme activates de novo sho,,ref-j-devcel-2022-07-017.md,papers,False,closed,
10.1016/j.devcel.2024.05.016,Spatiotemporal transcriptomic landscape of rice embryonic cells during seed germ,,ref-j-devcel-2024-05-016.md,papers,False,closed,
10.1016/j.freeradbiomed.2012.10.538,Reactive oxygen species-dependent wound responses in animals and plants.,,ref-j-freeradbiomed-2012-10-5.md,papers,False,closed,
10.1016/j.indcrop.2023.117825,Single-nucleus RNA sequencing of Nicotiana tabacum seedlings reveals heterogenei,,ref-j-indcrop-2023-117825.md,papers,False,closed,
10.1016/j.jcms.2008.12.005,Method selection in craniofacial measurements: advantages and disadvantages of 3,,ref-j-jcms-2008-12-005.md,papers,False,closed,
10.1016/j.jplph.2015.12.006,Histone deacetylation-mediated cellular dedifferentiation in Arabidopsis.,,ref-j-jplph-2015-12-006.md,papers,False,closed,
10.1016/j.molp.2024.01.010,Systematic identification of wheat spike developmental regulators by integrated ,,ref-j-molp-2024-01-010.md,papers,False,closed,
10.1016/j.pbi.2007.07.001,The dynamic plant stem cell niches.,,ref-j-pbi-2007-07-001.md,papers,False,closed,
10.1016/j.pbi.2009.11.001,"The integration of cell division, growth and differentiation.",,ref-j-pbi-2009-11-001.md,papers,False,closed,
10.1016/j.pbi.2010.08.001,Plant stem cell niches: from signalling to execution.,,ref-j-pbi-2010-08-001.md,papers,False,closed,
10.1016/j.pbi.2011.10.008,Stem cell maintenance in shoot apical meristems.,,ref-j-pbi-2011-10-008.md,papers,False,closed,
10.1016/j.pbi.2013.11.011,Signaling in shoot and flower meristems of Arabidopsis thaliana.,,ref-j-pbi-2013-11-011.md,papers,False,closed,
10.1016/j.pbi.2014.11.002,"O cell, where art thou? The mechanisms of shoot meristem patterning.",,ref-j-pbi-2014-11-002.md,papers,False,closed,
10.1016/j.pbi.2019.03.010,Linking cell cycle to stomatal differentiation.,,ref-j-pbi-2019-03-010.md,papers,False,closed,
10.1016/j.plantsci.2019.110380,Transcriptome and GWAS analyses reveal candidate gene for seminal root length of,,ref-j-plantsci-2019-110380.md,papers,False,closed,
10.1016/j.plantsci.2022.111486,Review: Challenges and perspectives in applying single nuclei RNA-seq technology,,ref-j-plantsci-2022-111486.md,papers,False,closed,
10.1016/j.tcb.2010.12.004,"Regeneration in plants and animals: dedifferentiation, transdifferentiation, or ",,ref-j-tcb-2010-12-004.md,papers,False,closed,
10.1016/j.tig.2021.08.012,Intricacies of single-cell multi-omics data integration.,,ref-j-tig-2021-08-012.md,papers,False,closed,
10.1016/j.tplants.2020.04.016,Single-Cell Genomics and Epigenomics: Technologies and Applications in Plants.,,ref-j-tplants-2020-04-016.md,papers,False,closed,
10.1111/jipb.12870,Reactive oxygen species regulate auxin levels to mediate adventitious root induc,,ref-jipb-12870.md,papers,False,closed,
10.1038/nbt.1754,Integrative genomics viewer.,,ref-nbt-1754.md,papers,False,closed,
10.1038/nmeth.1923,Fast gapped-read alignment with Bowtie 2.,,ref-nmeth-1923.md,papers,False,closed,
10.1038/nmeth.4150,Single-cell mRNA quantification and differential analysis with Census.,,ref-nmeth-4150.md,papers,False,closed,
10.1038/nmeth.4402,Reversed graph embedding resolves complex single-cell trajectories.,,ref-nmeth-4402.md,papers,False,closed,
10.1038/nmeth.4437,Single-cell sequencing reveals dissociation-induced gene expression in tissue su,,ref-nmeth-4437.md,papers,False,closed,
10.1111/nph.13111,Are above- and below-ground phenology in sync?,,ref-nph-13111.md,papers,False,closed,
10.1038/nplants.2016.165,The heterodimeric transcription factor complex ERF115-PAT1 grants regeneration c,,ref-nplants-2016-165.md,papers,False,closed,
10.1038/nplants.2017.61,Spatially resolved transcriptome profiling in model plant species.,,ref-nplants-2017-61.md,papers,False,closed,
10.1038/nrm.2016.116,Alternative polyadenylation of mRNA precursors.,,ref-nrm-2016-116.md,papers,False,closed,
10.1093/oxfordjournals.aob.a086434,A quantitative scale of spike initial and pistil development in barley and wheat,,ref-oxfordjournals-aob-a08643.md,papers,False,closed,
10.1093/pcp/pcaa086,OsHDA710-Mediated Histone Deacetylation Regulates Callus Formation of Rice Matur,,ref-pcaa086.md,papers,False,closed,
10.1111/pce.14290,"Jasmonic acid coordinates with light, glucose and auxin signalling in regulating",,ref-pce-14290.md,papers,False,closed,
10.1111/pce.14606,Revisiting the role of MAPK signalling pathway in plants and its manipulation fo,,ref-pce-14606.md,papers,False,closed,
10.1073/pnas.1019732108,Genome-wide landscape of polyadenylation in Arabidopsis provides evidence for ex,,ref-pnas-1019732108.md,papers,False,closed,
10.1073/pnas.97.3.1311,"FIDDLEHEAD, a gene required to suppress epidermal cell interactions in Arabidops",,ref-pnas-97-3-1311.md,papers,False,closed,
10.1111/ppl.13651,Shaping the root system architecture in plants for adaptation to drought stress.,,ref-ppl-13651.md,papers,False,closed,
10.1038/s41477-022-01291-y,Single-cell RNA sequencing provides a high-resolution roadmap for understanding ,,ref-s41477-022-01291-y.md,papers,False,closed,
10.1038/s41477-023-01524-8,Single-nucleus transcriptomes reveal spatiotemporal symbiotic perception and ear,,ref-s41477-023-01524-8.md,papers,False,closed,
10.1038/s41592-025-02900-2,FX-Cell: a method for single-cell RNA sequencing on difficult-to-digest and cryo,,ref-s41592-025-02900-2.md,papers,False,closed,
10.1126/science.1072831,Plant development: regulation by protein degradation.,,ref-science-1072831.md,papers,False,closed,
10.1126/science.1086391,Genome-wide insertional mutagenesis of Arabidopsis thaliana.,,ref-science-1086391.md,papers,False,closed,
10.1126/science.1142618,An ancient mechanism controls the development of cells with a rooting function i,,ref-science-1142618.md,papers,False,closed,
10.1126/science.1146265,A high-resolution root spatiotemporal map reveals dominant expression patterns.,,ref-science-1146265.md,papers,False,closed,
10.1126/science.1153795,Cell identity mediates the response of Arabidopsis roots to abiotic stress.,,ref-science-1153795.md,papers,False,closed,
10.1126/science.1160158,Receptor-like kinase ACR4 restricts formative cell divisions in the Arabidopsis ,,ref-science-1160158.md,papers,False,closed,
10.1126/science.1191132,Secreted peptide signals required for maintenance of root stem cell niche in Ara,,ref-science-1191132.md,papers,False,closed,
10.1126/science.1213351,Sucrose efflux mediated by SWEET proteins as a key step for phloem transport.,,ref-science-1213351.md,papers,False,closed,
10.1126/science.1248559,Timing mechanism dependent on cell division is invoked by Polycomb eviction in p,,ref-science-1248559.md,papers,False,closed,
10.1126/science.aaf2403,Visualization and analysis of gene expression in tissue sections by spatial tran,,ref-science-aaf2403.md,papers,False,closed,
10.1126/science.aav6428,Defining the developmental program leading to meiosis in maize.,,ref-science-aav6428.md,papers,False,closed,
10.1111/tpj.12429,The iRoCS Toolbox--3D analysis of the plant root apical meristem at cellular res,,ref-tpj-12429.md,papers,False,closed,
10.1111/tpj.15725,Time-series transcriptomics reveals a drought-responsive temporal network and cr,,ref-tpj-15725.md,papers,False,closed,
10.3410/f.726368176.793518729,Faculty Opinions recommendation of Cistrome and epicistrome features shape the r,,ref2-10-1016-j-cell-2016-.md,papers,False,closed,
10.3410/f.729069926.793540548,Faculty Opinions recommendation of Cis and trans determinants of epigenetic sile,,ref2-10-1038-ng-3937.md,papers,False,closed,
10.3410/f.726907401.793526573,Faculty Opinions recommendation of The heterodimeric transcription factor comple,,ref2-10-1038-nplants-2016.md,papers,False,closed,
10.3410/f.737616688.793575841,Faculty Opinions recommendation of Construction of a human cell landscape at sin,,ref3-10-1038-s41586-020-2157-4.md,papers,False,closed,
10.1111/jipb.70272,"Single-cell insights into plant growth, adaptation, and evolution.",,sc-multiomics-review-jipb.md,papers,False,closed,
10.1016/j.tplants.2026.03.003,created: 2026-05-28,,sc-stress-celltype-atlas.md,papers,False,closed,
10.7554/eLife.26792.001,Abstract,"""""",sel-elife-26792-001.md,papers,False,error,HTTP Error 404: Not Found
10.1016/j.pbi.2017.09.005,Breakout — lateral root emergence in Arabidopsis thaliana,"""Current Opinion in Plant Biology""",sel-j-pbi-2017-09-005.md,papers,False,closed,
10.1016/j.tplants.2023.07.010,Single cell RNA-seq in phytohormone signaling: a promising future,"""Trends in Plant Science""",single-cell-rna-seq-in-phytohormone-signaling-a-promising-future.md,papers,False,closed,
10.1111/pce.70169,单细胞转录组解码被子植物木质部发育,,xylem-sc-review-pce-2025.md,papers,False,closed,
10.1080/15226514.2026.2669640,Synergistic alleviation of salinity stress in tomato: unraveling the physiologic,,daily-42150749.md,daily,False,closed,
10.1002/cssc.70728,Effective Biomass Fractionation Using a Natural Acidic Polyol-Based Deep Eutecti,,daily-42154984.md,daily,False,closed,
10.1002/ps.70948,Knocking out a wall-associated kinase gene enhances rice resistance to planthopp,,daily-42163072.md,daily,False,closed,
10.1002/adma.73441,Zinc-Doping Trap Engineering and FRET Synergy Enable Multicolor Room-Temperature,,daily-42163647.md,daily,False,closed,
10.1016/j.jhazmat.2026.142449,MIL-100(Fe)@biochar as a dual‑function platform for controlled auxin delivery an,,daily-42166898.md,daily,False,closed,
10.1093/jxb/erag245,Sorghum ferulate-5-hydroxylase overexpression enhances aphid proliferation and w,,daily-42170898.md,daily,False,closed,
10.1016/j.plantsci.2026.113237,Age-dependent modulation of antioxidant defense and secondary metabolite accumul,,daily-42178064.md,daily,False,closed,
10.1021/acs.jafc.5c17019,"Nanoplastics Induce Transgenerational Impacts on Tomato Growth, Oxidative Stress",,daily-42179187.md,daily,False,closed,
10.1007/s11103-013-0062-z,Small auxin-up RNA promotes ,,daily-42179491.md,daily,False,closed,
10.1080/15226514.2026.2671327,Seed priming with nitric oxide and foliar glycine betaine application mitigates ,,daily-42184837.md,daily,False,closed,
10.1016/j.bios.2026.118853,Minimally invasive microneedle sensor for in vivo monitoring of indole-3-acetic ,,daily-42190459.md,daily,False,closed,
10.1093/plphys/kiag191,Drought-responsive TaMIP1 controls root density to confer the tradeoff between g,,daily-42206621.md,daily,False,closed,
10.1021/acs.jafc.6c02931,Tebuconazole Reduces Deoxynivalenol Accumulation in Wheat through Activation of ,,daily-42206728.md,daily,False,closed,
10.1007/s00425-026-05034-7,Transcription factors in phosphorus utilization: enhancing crop productivity and,,daily-42207342.md,daily,False,closed,
10.1021/acs.jafc.5c11985,4- O-α-Thevetopyranosyldiphyllin from Taiwania flousiana: A Novel β-Tubulin Inhi,,daily-42208048.md,daily,False,closed,
10.1007/s00284-026-04974-3,Growth and Development of Avocado Rootstocks Fertilized with Phosphoric Rock and,,daily-42209778.md,daily,False,closed,
10.1111/nph.71304,OsMYB94 functions as a master regulator of metabolic pathways associated with ri,,daily-42210497.md,daily,False,closed,
10.1002/slct.202103402,Development of a green and sustainable rice husk nanosilica-based spectrophotome,,daily-42211355.md,daily,False,closed,
10.1016/j.tplants.2009.11.006,Integrated transcriptomic and metabolomic profiles analysis reveals a potential ,,daily-42211470.md,daily,False,closed,
10.1016/j.fcr.2014.09.017,"Impact of split application of potassium fertilizer on yield, quality, and econo",,daily-42211473.md,daily,False,closed,
10.1093/jxb/erag258,Sweet shaping of root system architecture under water deficit,,daily-42212512.md,daily,False,closed,
10.1093/plcell/koag154,Compartmental Control of UDP-Araf Supply: Golgi Lumen UDP-Arabinopyranose Mutase,,daily-42212515.md,daily,False,closed,
10.1111/pce.70642,"TaWRKY33 Positively Regulates TaERF1-A, Thereby Activating TaP5CS2 -Mediated Pro",,daily-42212637.md,daily,False,closed,
10.1111/pce.70643,A PR1-Like Protein Stabilizes a Barwin-Like Protein to Enhance Wheat Resistance ,,daily-42212668.md,daily,False,closed,
10.1007/s00122-026-05283-w,Uncovering the genetic architecture of biomass yield and related traits in South,,daily-42213143.md,daily,False,closed,
10.1007/s00122-026-05258-x,"Characterization of T5DL·5DS-2RS, a wheat-rye chromosomal translocation with enh",,daily-42213168.md,daily,False,closed,
10.1007/s11103-026-01729-3,"Plant viruses as next-generation vectors for transgene-free genome editing, gene",,daily-42213265.md,daily,False,closed,
10.1093/plcell/koag155,Dehydration-induced condensation of AGO1 modulates miRNA functionality,,daily-42213882.md,daily,False,closed,
10.1093/plphys/kiag319,CBL2/4-CIPK31-mediated phosphorylation of raffinose synthase enhances cold toler,,daily-42213884.md,daily,False,closed,
10.1016/j.plantsci.2026.113233,A zinc finger protein gene TksC3H20 positively regulates salt tolerance in Tarax,,daily-42214503.md,daily,False,closed,
10.1016/j.plaphy.2026.111321,Retraction notice to ,,daily-42215341.md,daily,False,closed,
10.1111/asj.70189,In Vitro Ruminal Fermentation and Methane Production of Fresh and Ensiled TMR Co,,daily-42216270.md,daily,False,closed,
10.1111/nph.71305,Potential unlocked: an atlas of cloned wheat genes for genome engineering and br,,daily-42216279.md,daily,False,closed,
10.1016/j.molp.2026.05.018,S-nitrosylation-mediated differential regulation of STOP1 and STAR1 coordinates ,,daily-42216448.md,daily,False,closed,
10.1016/j.molp.2026.05.017,Deep learning uncovers conserved regulatory logic and element dosage underlying ,,daily-42216449.md,daily,False,closed,
10.1002/ps.70939,Photocaged abscisic acid enhances rice salt tolerance via sustained signaling an,,daily-42216516.md,daily,False,closed,
10.31083/FBL40847,Revealing the Molecular Network of Pattern-Triggered Immunity (PTI) Signal Trans,,daily-42216553.md,daily,False,closed,
10.1111/1750-3841.71150,"Textural Modification, In Vitro Digestion, and Identification of Volatile Flavor",,daily-42216574.md,daily,False,closed,
10.1111/1750-3841.71154,Recirculating Aquaponics System Enhances Bioactive Compounds in Tomato (Solanum ,,daily-42216695.md,daily,False,closed,
10.1002/cbdv.71354,Mycoparasitism of Trichoderma harzianum AF2120E on Fusarium graminearum 4A1F and,,daily-42216848.md,daily,False,closed,
10.1002/cbdv.202503480,Effect of Processing on the Protective Role of Bambusa nutans Wall. ex Munro Ext,,daily-42216852.md,daily,False,closed,
10.1007/s11274-026-04871-8,Bacterial nanocellulose-based encapsulation of Trichoderma harzianum spores for ,,daily-42216983.md,daily,False,closed,
10.1007/s00223-026-01550-6,Effects of Collagen Cross-Linking Agents on Dentin-Composite Interface Strength ,,daily-42217039.md,daily,False,closed,
10.1007/s00425-026-05037-4,Spontaneous plastome mutations in variegated plants occur predominantly in genes,,daily-42217055.md,daily,False,closed,
10.1007/s11033-026-12054-9,Development and characterization of NB-ARC gene-derived SSRs in wheat (Triticum ,,daily-42217060.md,daily,False,closed,
10.1007/s11274-026-05061-2,The biostimulant role of microbial exopolysaccharides: mechanisms and agricultur,,daily-42217121.md,daily,False,closed,
10.1007/s12602-026-11081-z,Genomic and Functional Characterization of Bacillus amyloliquefaciens H6: A Pote,,daily-42217152.md,daily,False,closed,
10.1093/ntr/ntag085,E-cigarettes for tobacco harm reduction in older adults who fail tobacco cessati,,daily-42217177.md,daily,False,closed,
10.1080/10826068.2026.2679289,Coupling deep eutectic solvent and laccase treatment for cellulose fiber recover,,daily-42217249.md,daily,False,closed,
10.1016/j.micres.2026.128565,The transcription factor Crz1-facilitated Phomopsis liquidambaris colonization b,,daily-42217259.md,daily,False,closed,
10.1016/j.pbi.2026.102906,Integrating plant lipid metabolism with signaling networks and stress adaptation,,daily-42217342.md,daily,False,closed,
10.1016/j.phymed.2026.158325,Que Zui tea extract alleviates atherosclerosis via liver-vasculature-gut axis by,,daily-42217346.md,daily,False,closed,
10.1016/j.foodchem.2026.149860,Green-synthesized ε-polylysine/zein nanocomplexes as safe antimicrobials: Applic,,daily-42217357.md,daily,False,closed,
10.1016/j.foodchem.2026.149835,Multiscale analysis of enzyme combinations and hydrolysis methods: Effects on bi,,daily-42217359.md,daily,False,closed,
10.1016/j.foodchem.2026.149810,"Impacts of steam explosion treatment on qualities, protein network development a",,daily-42217360.md,daily,False,closed,
10.1016/j.foodchem.2026.149821,Effects of oil body addition on the structure and oxidative stability of soybean,,daily-42217366.md,daily,False,closed,
10.1016/j.foodchem.2026.149804,"From byproduct to bioresource: Antioxidant potential, flavor profile, and microb",,daily-42217368.md,daily,False,closed,
10.1016/j.chroma.2026.467136,4-Mercaptobenzenesulfonic acid-functionalized SiO2@Au nanoshells for specific en,,daily-42217394.md,daily,False,closed,
10.1016/j.bbrc.2026.154024,ABI5 and ABI3 mediate FIS-PRC2 recruitment to IKU2 and modulate endosperm cellul,,daily-42217415.md,daily,False,closed,
10.1016/j.jhazmat.2026.142486,Microplastics distinctly regulate cadmium accumulation and lipid homeostasis in ,,daily-42217529.md,daily,False,closed,
10.1016/j.freeradbiomed.2026.05.318,"Circadian Rhythms, NRF2 Signalling and Redox Homeostasis: A Holy Grail for a Hea",,daily-42217684.md,daily,False,closed,
10.1016/j.bbabio.2026.149596,PGR5 is needed for regulation of ATP synthase in plant chloroplasts,,daily-42217716.md,daily,False,closed,
10.1016/j.yrtph.2026.106141,Simultaneous LC-MS/MS screening of 222 drugs of abuse in eight solid food matric,,daily-42217766.md,daily,False,closed,
10.1016/j.yrtph.2026.106139,Long-Term Safety Assessment of Insect-Resistant Genetically Modified Maize: A On,,daily-42217767.md,daily,False,closed,
10.1016/j.jes.2025.09.005,Synergistic effects of nanoplastics and BDE-47 on glutathione dysregulation in r,,daily-42217878.md,daily,False,closed,
10.1016/j.jes.2025.12.001,"Physiological, biochemical and metabolomic analysis revealed the mechanism of se",,daily-42217889.md,daily,False,closed,
10.1016/j.jes.2026.02.020,Containment and phytoremediation: Complementary roles of vertical plant diversit,,daily-42217913.md,daily,False,closed,
10.1002/tox.70124,Exploring the Protective Potential of Salvia officinalis Essential Oil Against L,,daily-42218555.md,daily,False,closed,
10.1094/PHYTO-03-26-0082-R,Detection of Palm Lethal Yellowing Phytoplasma in the Salivary Glands of Nesomyn,,daily-42218783.md,daily,False,closed,
10.1002/cbdv.202503529,Unlocking the Bioactive Potential of Capparis multiflora From Northeast India: F,,daily-42218799.md,daily,False,closed,
10.1016/j.jhazmat.2026.142544,Microbial diversity regulates mercury cycling in paddy soils,,daily-42218839.md,daily,False,closed,
10.1094/PDIS-10-25-2115-RE,Simplified synergistic rhizosphere bacterial consortia enhance the antagonistic ,,daily-42219768.md,daily,False,closed,
10.1111/pce.70624,CsSPX-PHR/PHL-PHT1 and CsmiR399a-PHO2-PHT1/PHO1 Modules Orchestrate Pi Use Effic,,daily-42219815.md,daily,False,closed,
10.1093/aob/mcag157,Allocation of growth to stems underpins the response of ryegrass to elevated CO2,,daily-42219873.md,daily,False,closed,
10.1007/978-3-032-16128-4_9,Two-Stage Decoupling Framework for Variable-Length Glaucoma Prognosis,,daily-42222134.md,daily,False,closed,
10.1016/bs.ircmb.2016.01.001,Unraveling the regulatory role of kinetin (6-furfurylaminopurine) in modulating ,,daily-42222731.md,daily,False,closed,
10.1021/acs.jafc.5c14546,Designing Biaryl Pyrazole Derivatives for Antibacterial Activity against Plant P,,daily-42223285.md,daily,False,closed,
10.1093/ntr/ntag128,Trends of Past 30-Day Use of Commercial Tobacco Products among Youth and Adults ,,daily-42223484.md,daily,False,closed,
10.1093/ntr/ntag127,Estimation of the demand for cigarettes in Uruguay: an analysis based on househo,,daily-42223489.md,daily,False,closed,
10.1093/treephys/tpag076,Physiological and molecular responses of poplar to drought stress and functional,,daily-42223520.md,daily,False,closed,
10.1080/07347332.2026.2680556,Physical and psychological reasons for cancer patients' decision to decline toba,,daily-42224041.md,daily,False,closed,
10.3791/70167,Development and Validation of a Rapid LC-MS/MS Method for Carfilzomib Quantifica,,daily-42224244.md,daily,False,closed,
10.1093/aob/mcag156,A Critical Window of Maternal Temperature Effects on Weedy Rice Seed Dormancy,,daily-42224420.md,daily,False,closed,
10.1016/j.plaphy.2026.111398,Spring low temperature stress reduces wheat yield by accelerating post-anthesis ,,daily-42224744.md,daily,False,closed,
10.1016/j.jhazmat.2026.142530,First insights into agricultural practice-driven mobilization and methylation of,,daily-42224764.md,daily,False,closed,
10.1016/j.cmpb.2026.109468,Memory-augmented graph neural networks for multi-class cardiovascular disease re,,daily-42224851.md,daily,False,closed,
10.1016/j.plantsci.2026.113243,Mechanical Disturbance of Trichomes Enhances Cd2+ Accumulation via Malate-Mediat,,daily-42225225.md,daily,False,closed,
10.1016/j.ejpb.2026.115126,"Shine bright, then fight: lectin-decorated gold nanostars for cancer theranostic",,daily-42225226.md,daily,False,closed,
10.1016/j.tplants.2026.04.030,Multitasking mediators: revealing the secret jobs of plant metacaspases,,daily-42225469.md,daily,False,closed,
10.1016/S0141-3910(02)00292-6,Aluminum hybrid based on lignin from rice straw as a multifunctional additive fo,,daily-42225751.md,daily,False,closed,
10.1016/j.plantsci.2015.07.009,Blue light receptor phot2 collaborates with NRL-30 to negatively regulate immuni,,daily-42226070.md,daily,False,closed,
10.1002/ps.70983,Comparative evaluation of chitosan-based and star polycation nanocarriers for en,,daily-42226280.md,daily,False,closed,
10.1002/ps.70921,"Design, synthesis, and antiviral activity of novel piperidine-containing pyrazol",,daily-42226342.md,daily,False,closed,
10.1016/j.molp.2026.05.019,Dynamic Remodeling of Root Specialized Metabolites by Rhizobacterial β-Glucosida,,daily-42226460.md,daily,False,closed,
10.1016/j.molp.2026.05.020,The auxin co-receptor TMK1-mediated phosphorylation and destabilization of DA1 c,,daily-42226461.md,daily,False,closed,
10.1111/pce.70632,Genome‑Wide Identification of NAC Transcription Factors in Elymus sibiricus and ,,daily-42226512.md,daily,False,closed,
10.1002/jbt.70940,Ferulic Acid Suppresses Diabetes-Induced Atherosclerosis by Targeting Oxidative ,,daily-42226622.md,daily,False,closed,
10.1093/jxb/erag192,Esca disease triggers local transcriptomic response and DNA methylation changes ,,daily-42226631.md,daily,False,closed,
10.1158/1055-9965.EPI-26-0075,Transcranial Magnetic Stimulation (TMS) for Smoking Cessation in Cancer Survivor,,daily-42226635.md,daily,False,closed,
10.1007/s00344-019-09992-z,Calcium-dependent regulation of antioxidant metabolism in maize seedlings under ,,daily-42226761.md,daily,False,closed,
10.1101/2024.06.28.601127,Dynamic regulatory mechanisms of histone methylation in plant development and en,,daily-42227011.md,daily,False,closed,
10.2174/0113862073482277260412133043,Exploring the Influence of Circadian Rhythm Disorders in Metabolic Syndrome thro,,daily-42227494.md,daily,False,closed,
10.2174/0118746098452491260515061005,Mechanistic Basis of Sarcopenia and Nutritional Interventions for Combating Musc,,daily-42227556.md,daily,False,closed,
10.1080/15563650.2026.2673133,"A bongkrekic acid incident in Taiwan, and a proposed nomogram for determining cl",,daily-42227675.md,daily,False,closed,
10.1002/asia.70806,Performance Assessment of Co-Gasification Process for Syngas Production Using Mu,,daily-42227917.md,daily,False,closed,
10.1021/acs.analchem.5c08119,Plasmonic Polyurea-Functionalized Titanium Dioxide Nanotube Substrates for Whole,,daily-42227992.md,daily,False,closed,
10.1016/j.hazmat.2014.07.024,A mechanistic and thermodynamics insight of cadmium adsorption on sulfur-functio,,daily-42228245.md,daily,False,error,HTTP Error 404: Not Found
10.3791/71168,Microalgae Oil Improves Hepatic Lipid Metabolism in A High-Fat Diet-Induced Mous,,daily-42228350.md,daily,False,closed,
10.1021/acs.jafc.5c14464,Light-Dependent Regulation of Flavonol Biosynthesis through the HY5-MYB-FLS Modu,,daily-42228379.md,daily,False,closed,
10.1080/15226514.2026.2681099,AMF-mediated root redistribution decreases Cd uptake in rice while enhancing phy,,daily-42228555.md,daily,False,closed,
10.1111/plb.70236,The effects of nitrogen and phosphorus fertilization on nutrient resorption in f,,daily-42228836.md,daily,False,closed,
10.1111/plb.70235,Effects of cotyledon removal on the root growth and physiology properties during,,daily-42228838.md,daily,False,closed,
10.1146/annurev-virology-100424-121019,The Antiviral Response in Insect Vectors: Immune Mechanisms and Implications for,,daily-42228874.md,daily,False,closed,
10.1093/plphys/kiag323,A MITE-Mediated Cis-Regulatory Module Regulates PsiGCN2 Expression for High-inte,,daily-42228916.md,daily,False,closed,
10.1093/plphys/kiag322,CNGC-interacting calmodulin OsCaM1.1 regulates cytosolic Ca2+ signals and promot,,daily-42228920.md,daily,False,error,HTTP Error 404: Not Found
10.1093/jxb/erag261,Endophytic seed microorganisms in legumes: Natural bioinoculants for sustainable,,daily-42228922.md,daily,False,closed,
10.1111/ppl.70962,Phytochrome-Dependent Regulation of CO,,daily-42229545.md,daily,False,closed,
10.1016/j.ijbiomac.2026.152839,Preparation of hydrophobically modified sodium alginate-chitosan hydrogel and it,,daily-42229657.md,daily,False,closed,
10.1016/j.impact.2026.100634,Physiological and biochemical responses of sweet basil (Ocimum basilicum L.) to ,,daily-42229874.md,daily,False,closed,
10.1111/pce.70646,CsFDL1-CsFTL3 Complex Represses CsFTL3 via Negative Feedback to Fine-Tune Flower,,daily-42231543.md,daily,False,error,HTTP Error 404: Not Found
10.1093/treephys/tpag072,Response of two mangrove species to elevated temperatures: a comparative study o,,daily-42231569.md,daily,False,error,HTTP Error 404: Not Found
10.1111/nph.71318,The genetic architecture of leaf vein density and its importance for photosynthe,,daily-42231612.md,daily,False,error,HTTP Error 404: Not Found
10.1093/jxb/erag267,Herbicide-resistant weeds exploit kinship to reduce allelopathy from crops.,,daily-42231626.md,daily,False,error,HTTP Error 404: Not Found
10.1080/10253890.2026.2680032,"Repeated exposure to the smell of innate fear, trimethylthiazoline, promotes fea",,daily-42231636.md,daily,False,error,HTTP Error 404: Not Found
10.1111/pce.70644,A Thermo-Sensitive OsMYC2 Allele Coordinates Spikelet Development With Temperatu,,daily-42231659.md,daily,False,error,HTTP Error 404: Not Found
10.1002/advs.75700,NLSS3 Impairs SHM1 Autophagic Degradation to Regulate Leaf Morphology and Salt T,,daily-42231793.md,daily,False,error,HTTP Error 404: Not Found
10.1094/PDIS-12-25-2427-RE,Southward Spread of Pepper Necrotic Spot Orthotospovirus into Chile: Identificat,,daily-42231872.md,daily,False,error,HTTP Error 404: Not Found
10.1094/PDIS-12-25-2462-SR,Molecular detection tools for the powdery mildew genus ,,daily-42231873.md,daily,False,error,HTTP Error 404: Not Found
10.1016/j.jfca.2023.105398,Spatially resolved quantification of wheat kernel vitreousness using hyperspectr,,daily-42231888.md,daily,False,closed,
10.1016/j.ecoenv.2016.02.015,Harnessing foliar-applied melatonin to improve yield and stress tolerance in tom,,daily-42231897.md,daily,False,closed,
10.1016/j.fuel.2023.129085,Valorization of acid-hydrolyzed tea stem waste for sustainable biodiesel product,,daily-42232078.md,daily,False,closed,
10.1111/j.1439-0507.2011.02068.x,False-positive beta-glucan test due to beta-glucan component in sterile gauze du,,daily-42232329.md,daily,False,closed,
10.1021/acs.jafc.4c08754,Elucidation of the key odorants contributing to the distinctive honey and sweet ,,daily-42232488.md,daily,False,closed,
10.1007/s00468-017-1582-y,Responses and adaptations of plants to abiotic stress: transcriptional regulatio,,daily-42232517.md,daily,False,closed,
10.1016/j.ijbiomac.2023.125502,Environmental applications of silver nanoparticles: state-of-the-art review and ,,daily-42232528.md,daily,False,closed,
10.1002/gcc.21985,Liubao tea as a functional fermented food: multi-omics insights into its modulat,,daily-42232567.md,daily,False,closed,
10.1016/j.foodhyd.2022.107978,Structured bigel-based foams with tailored textural properties: a bigel-based st,,daily-42233119.md,daily,False,closed,
10.2105/AJPH.2026.308491,Tobacco Industry Contributions to the Development of Ultraprocessed Food in the ,,daily-42233189.md,daily,False,error,HTTP Error 404: Not Found
10.2105/AJPH.2026.308501,Ultra-Processed Foods in the Global Food System: The Role of US Tobacco Companie,,daily-42233201.md,daily,False,error,HTTP Error 404: Not Found
10.2105/AJPH.2026.308596,Beyond Personal Responsibility: Lessons From the Tobacco War for Regulating Ultr,,daily-42233205.md,daily,False,error,HTTP Error 404: Not Found
10.1042/EBC20250063,From early defence priming to lasting memory: developmental and seasonal dynamic,,daily-42233287.md,daily,False,error,HTTP Error 404: Not Found
10.1111/gcb.70936,Observation-Constrained Agroecosystem Model Inversion Reveals Continental-Scale ,,daily-42233340.md,daily,False,error,HTTP Error 404: Not Found
10.1002/jsfa.70752,Improved sodium dodecyl sulfate-polyacrylamide gel electrophoresis method for qu,,daily-42233511.md,daily,False,error,HTTP Error 404: Not Found
10.1128/jvi.02126-25,Human parainfluenza virus 3 fusion protein cleavage: a key determinant of infect,,daily-42233639.md,daily,False,error,HTTP Error 404: Not Found
10.1021/acs.jafc.6c01854,Soybean-Derived Soluble Fiber Enhances Antimicrobial Proteins in the Mouse Small,,daily-42233663.md,daily,False,error,HTTP Error 404: Not Found
10.1128/aem.00790-26,Exploring the biochemical and biological functions of copper radical oxidases in,,daily-42233674.md,daily,False,error,HTTP Error 404: Not Found
10.1111/mec.70421,Long-Term Inorganic Nitrogen Fertilization Drives a Trade-Off in the Soybean Sym,,daily-42233733.md,daily,False,error,HTTP Error 404: Not Found
10.1016/j.amepre.2026.108418,Bridging Science to Practice: How FDA Applies Dissemination and Implementation S,,daily-42233898.md,daily,False,error,HTTP Error 404: Not Found
10.1016/j.jadohealth.2026.04.004,Youth Tobacco Prevention: Are Doctors Talking to Youth About Tobacco?,,daily-42233932.md,daily,False,error,HTTP Error 404: Not Found
10.1158/1055-9965.EPI-26-0057,Dietary and Lifestyle Patterns Among Young Patients with Lung Cancer: Analysis o,,daily-42233968.md,daily,False,error,HTTP Error 404: Not Found
10.1111/ejss.12118,CeO,,daily-42234038.md,daily,False,closed,
10.1016/j.ijbiomac.2019.04.071,Seed Priming with Alginate-Whey Protein Concentrate Encapsulated Bacillus veleze,,daily-42234165.md,daily,False,closed,
10.1007/s11427-025-3204-2,Erratum to: Fungal oxalic acid inhibits the deamidation of CERK1 ectodomain to d,,daily-42234367.md,daily,False,error,HTTP Error 404: Not Found
10.1016/j.biortech.2017.05.022,Eco-friendly cationic celluloses for fouling control in anaerobic membrane biore,,daily-42234379.md,daily,False,closed,
10.1073/pnas.2537963123,Mutational analyses of an instability domain reveal its conserved role in the re,,daily-42234526.md,daily,False,error,HTTP Error 404: Not Found
10.1016/j.celrep.2026.117396,Synchronous spatiotemporal control of autophagy and organelle trafficking is nec,,daily-42234560.md,daily,False,error,HTTP Error 404: Not Found
10.1093/plcell/koag160,Loss of PMR4 callose synthase triggers jasmonic acid-dependent resistance to the,,daily-42234583.md,daily,False,error,HTTP Error 404: Not Found
10.1093/plcell/koag159,SlWRKY2 orchestrates cold tolerance via phytochromes interaction and SlPIF4 stab,,daily-42234585.md,daily,False,error,HTTP Error 404: Not Found
10.1021/acs.analchem.6c01424,Coordination and π-π Stacking-Driven Conjugated Polymer Sensor Array for Polyphe,,daily-42234611.md,daily,False,error,HTTP Error 404: Not Found
10.1371/journal.pone.0350861,Performance of doubled haploid maize (Zea mays L.) testcross hybrids under optim,,daily-42234662.md,daily,False,error,HTTP Error 404: Not Found
10.1371/journal.pone.0350814,Acinetobacter baumannii utilizes a novel protective factor to combat desiccation,,daily-42234671.md,daily,False,error,HTTP Error 404: Not Found
10.1021/acs.est.6c01984,Biomagnification in Trophic Transfer: Mechanisms of Trans-Trophic Toxicity from ,,daily-42234685.md,daily,False,error,HTTP Error 404: Not Found
10.1510/mmcts.2021.026,Local Anesthesia and Analgosedation for Surgical Micro-Axial Flow Pump Implantat,,daily-42234693.md,daily,False,closed,
10.1371/journal.pone.0349237,Research on an improved RT-DETR-based model for rice disease detection.,,daily-42234768.md,daily,False,error,HTTP Error 404: Not Found
10.1021/jacs.6c05481,A Programmable Cut-and-Sew Strategy for Trisulfide Transfer in the Synthesis of ,,daily-42234790.md,daily,False,error,HTTP Error 404: Not Found
10.1093/jxb/erag271,Arabidopsis Ethylene Receptors of Low Degrees of Functional Redundancy Enrich He,,daily-42234817.md,daily,False,error,HTTP Error 404: Not Found
10.1093/plphys/kiag332,The rice aquaporins OsPIP2;1 and OsPIP2;2 alleviate toxicity of heavy metals and,,daily-42234822.md,daily,False,error,HTTP Error 404: Not Found
10.1093/plphys/kiag333,Molecular Mechanism of Cold Acclimation Regulating Freezing Tolerance in Prunus ,,daily-42234825.md,daily,False,error,HTTP Error 404: Not Found
10.1021/acs.jafc.6c04580,Labdane Diterpenoids with Anti-Tomato Spotted Wilt Virus Activity from ,,daily-42234960.md,daily,False,error,HTTP Error 404: Not Found
10.1111/tpj.70972,CsWRKY6-2/CsWRKY12 module regulates gallated catechin biosynthesis in tea plants,,daily-42235060.md,daily,False,error,HTTP Error 404: Not Found
10.1111/tpj.70964,The cyclin-dependent kinase inhibitor KIP-RELATED PROTEIN 6 promotes stem cell d,,daily-42235081.md,daily,False,error,HTTP Error 404: Not Found
10.1016/j.copbio.2026.103519,Natural small RNA-based defense informs engineering of host-induced gene silenci,,daily-42235105.md,daily,False,error,HTTP Error 404: Not Found
