title,doi
"Single-nucleus RNA-seq and ATAC-seq analyses provide molecular insights into the","10.1093/hr/uhag117"
"A single-cell analysis of the Arabidopsis vegetative shoot apex.","10.1016/j.devcel.2021.02.021"
"Distinct identities of leaf phloem cells revealed by single cell transcriptomics","10.1093/plcell/koaa060"
"Spatial transcriptomics decodes the cellular landscape of plant-pathogen interac","10.1038/s41477-025-02204-5"
"Inferring pattern-driving intercellular flows from single-cell and spatial trans","10.1038/s41592-024-02380-w"
"Single-cell and tissue transcriptomes unveil factors regulating vein initiation","10.1093/plcell/koag035"
"Spongy mesophyll cell death is induced by jasmonic acid during leaf senescence i","10.1093/plcell/koag095"
"Integrated Single-Cell and Spatial Transcriptomics Reveal Cell-Type-Specific Imm","10.1002/advs.202512295"
"A single-cell transcriptomic landscape characterizes the vegetative-to-reproduct","10.1007/s44412-025-00004-4"
"created: 2026-05-28","10.1111/pce.70169核心总览"
"Cell-Specific Expression and Cellular Compartmental Regulation in Camptothecin B","10.1111/pbi.70687"
"created: 2026-05-28","10.1002/advs.202416794）一、研究背景"
"The comprehensive regulatory network in seed oil biosynthesis.","10.1111/jipb.13834"
"TCP21 negatively regulates photomorphogenesis by integrating phyB- and HY5-media","10.1111/tpj.70902"
"The Arabidopsis PRC2 subunit MSI1 interacts with HY5 to repress hypocotyl elonga","10.1093/plcell/koag003"
"An integrative gene regulatory network identifies transcriptional hubs governing","10.1016/j.jgg.2026.03.024"
"The MYC2-MYB113 module governs JA signaling to regulate anthocyanin accumulation","10.1111/nph.71235"
"蓝光受体CRY1调控从头茎再生","10.1101/2025.12.09.693185"
"Single-cell insights into plant growth, adaptation, and evolution.","10.1111/jipb.70272"
"A circadian rheostat drives proton electrochemical gradients to optimize cell-ty","10.1016/j.cell.2025.12.056"
"The molecular and hormonal regulation of cotton fiber development: from single-c","10.1186/s42397-026-00264-2"
"Global Dynamic Molecular Profiling of Stomatal Lineage Cell Development by Singl","10.1016/j.molp.2020.06.010"
"Single-nucleus RNA and ATAC sequencing reveals the impact of chromatin accessibi","10.1016/j.molp.2021.01.001"
"Single-Cell RNA Sequencing Resolves Molecular Relationships Among Individual Pla","10.1104/pp.18.01482"
"Integrated single-nucleus and spatial transcriptomics captures transitional stat","10.1038/s41477-023-01387-z"
"RNA velocity of single cells.","10.1038/s41586-018-0414-6"
"The single-cell transcriptional landscape of mammalian organogenesis.","10.1038/s41586-019-0969-x"
"A gene expression map of the Arabidopsis root.","10.1126/science.1090022"
"Dynamics of Gene Expression in Single Root Cells of &lt;i&gt;Arabidopsis thalian","10.1105/tpc.18.00785"
"Nano-biochar regulates soil enzymatic activities and nitric oxide signaling to i","10.1016/j.plaphy.2026.111365"
"PfCYP94C179 endows resistance to fenoxaprop-P-ethyl in Polypogon fugax: insights","10.1111/tpj.70926"
"SlSEC1- and SlSPY-mediated O-glycosylation stabilizes the transcription factor S","10.1093/plcell/koag144"
"Novel cytoplasmic male sterile line development and stage-specific metabolomic p","10.1186/s12870-026-08896-x"
"Comparative genome-wide identification and analysis of the COMT gene family in p","10.1186/s12870-026-08771-9"
"Age-Dependent Modulation of Antioxidant Defense and Secondary Metabolite Accumul","10.1016/j.plantsci.2026.113237"
"Biodegradation of polyvinyl chloride (PVC) microplastics in superworms (Zophobas","10.1111/1744-7917.70298"
"CsMYB6 promotes crocins biosynthesis in response to JA signaling in Crocus sativ","10.1016/j.jplph.2026.154801"
"Rice cold tolerance: Physiological responses, molecular regulatory networks, and","10.1016/j.plaphy.2026.111422"
"Transcriptomic and physiological analyses reveal the mechanism of acetylene-indu","10.1016/j.plantsci.2026.113239"
"CDC48A and the UBA-domain protein PUX10 regulate the ubiquitin-dependent degrada","10.1093/plcell/koag149"
"Barley HvBODYGUARD1 controls cuticular specialisations regulated by SHINE transc","10.1111/nph.71287"
"Endogenous RALF peptide function is required for powdery mildew host colonizatio","10.1111/nph.71282"
"Copper-sensitive OsSPL9 TF regulates expression of indica rice domestication-ass","10.1038/s42003-026-10325-6"
"Genomic and population analyses reveal asymmetric subgenome evolution and local","10.1038/s42003-026-10373-y"
"Endophyte Bacillus sp. RE35 Enhances Cd Trap in Rice Roots Via Root Cell Wall Re","10.1111/pce.70640"
"A Plasmodiophora Brassicae Effector PbCBM1 Promotes Clubroot Susceptibility by C","10.1111/pce.70638"
"Effects of bio-slurry and chemical fertilizer on soil fertility and productivity","10.1186/s12870-026-09092-7"
"Enhancing the selection of drought tolerance varieties of rice (Oryza sativa) us","10.1186/s12870-026-09055-y"
"Integrated multi-omics analysis reveals a lipid-redox regulatory network underly","10.1186/s12870-026-09098-1"
"Integrated transcriptomic, metabolomic, and physiological analyses underlying di","10.1186/s12870-026-09109-1"
"Metabolomics reveals McF6'H1-mediated regulation of phenylpropanoid/flavonoid me","10.1186/s12870-026-09089-2"
"Plant immune dysregulation disrupts microbe-induced growth promotion and microbi","10.1016/j.xplc.2026.101927"
"GhOFP1-GhTALE-GhXTHB transcriptional cascade regulates cotton stem vascular camb","10.1016/j.xplc.2026.101938"
"Volatiles released by undamaged plants mediate the adaptive growth strategies in","10.1093/jxb/erag252"
"A Rare Allele of ST5 From Wild Rice Enhances Salt Tolerance in Rice.","10.1002/advs.202516159"
"Drought-responsive TaMIP1 controls root density to confer the tradeoff between g","10.1093/plphys/kiag191"
"Staurosporine Targets Mitochondrial Regulator VdAtuA3 to Disrupt Mitochondrial H","10.1111/pbi.70690"
"Genome-wide association study reveals stable loci and candidate genes for cotton","10.1007/s00122-026-05261-2"
"Laminar patterning transcription factors orchestrate spatial metabolite partitio","10.1038/s41477-026-02293-w"
"Single-cell and haplotype-resolved transcriptomics reveal molecular signatures o","10.1016/j.molp.2026.03.016"
"Natural variation in OsbHLH150 confers chilling tolerance in rice by increasing","10.1016/j.xplc.2026.101919"
"created: 2026-05-28","10.1111/nph.70160status:"
"Single-cell transcriptomes reveal spatiotemporal heat stress response in pearl m","10.1111/nph.70232"
"Mapping plant cell-type-specific responses to environmental stresses.","10.1016/j.tplants.2026.03.003"
"Origin of the blastema in regenerating limbs of the newt Triturus viridescens","10.1016/0012-1606(61)90009-4"
"WGCNA: an R package for weighted correlation network analysis.","10.1186/1471-2105-9-559"
"GiA Roots: software for the high throughput analysis of plant root system archit","10.1186/1471-2229-12-116"
"ESPript: analysis of multiple sequence alignments in PostScript.","10.1093/bioinformatics/15.4.305"
"Role of alternative polyadenylation dynamics in acute myeloid leukaemia at singl","10.1080/15476286.2019.1586139"
"Cortex proliferation in the root is a protective mechanism against abiotic stres","10.1080/15592324.2015.1011949"
"Trichostatin A and sodium butyrate promotes plant regeneration in common wheat.","10.1080/15592324.2020.1820681"
"Superoxide anion generation response to wound in Arabidopsis hypocotyl cutting.","10.1080/15592324.2020.1848086"
"Fluorescence Activated Cell Sorting of Plant Protoplasts","10.3791/1673-v"
"Specific NuRD components are required for fin regeneration in zebrafish.","10.1186/1741-7007-12-30"
"Root canal preparation using micro-computed tomography analysis: a literature re","10.1590/1807-3107bor-2018.vol32.0066"
"Asymmetric leaves1 mediates leaf patterning and stem cell function in Arabidopsi","10.1038/35050091"
"Role of PHABULOSA and PHAVOLUTA in determining radial patterning in shoots.","10.1038/35079635"
"A Simple Protocol for Mapping the Plant Root System Architecture Traits.","10.3791/64876"
"Cell Proliferation Analysis Using EdU Labeling in Whole Plant and Histological S","10.1007/978-1-4939-3142-2_13"
"Optimizing RNA-Seq Mapping with STAR.","10.1007/978-1-4939-3572-7_13"
"Isolation of Arabidopsis Palisade and Spongy Mesophyll Cells.","10.1007/978-1-4939-8657-6_9"
"Computer vision as a tool to study plant development.","10.1007/978-1-60327-563-7_16"
"Clustering and classification methods for single-cell RNA-sequencing data.","10.1093/BIB/BBZ062"
"Representation of Mathematical Knowledge in National Knowledge Infrastructure","10.1360/jos171731"
"Defining the Path from Stem Cells to Differentiated Tissue.","10.1016/bs.ctdb.2015.12.002"
"PlantRegMap ：绘制工厂中的功能监管图。","10.1093/nar/gkz1020"
"化学抑制剂：植物细胞周期研究的工具","10.1016/S0014-5793(00)01675-6"
"稻草人基因调节不对称的细胞分裂，这对于产生桡骨","10.1016/S0092-8674(00)80115-4"
"狼人是拟南芥中的MYB相关蛋白，是表皮细胞的位置依赖性调节因子","10.1016/S0092-8674(00)81536-6"
"细胞周期依赖性翻译控制","10.1016/S0959-437X(00)00150-7"
"根表皮中的位置信息在胚胎发育过程中定义，并在","10.1016/S0960-9822(98)70176-9"
"玉米单核转录组全面描述了控制moveme的信号网络","10.1093/plcell/koac047"
"植物干细胞壁龛。","10.1146/annurev-arplant-042811-105555"
"分生组织大小的控制。","10.1146/annurev-arplant-042817-040549"
"根系发育的分子和环境调控。","10.1146/annurev-arplant-050718-100423"
"植物干细胞分裂与分化的调控。","10.1146/annurev-cellbio-100617-062459"
"数字中的力量：解剖复杂组织的单细胞RNA序列策略。","10.1146/annurev-genet-120417-031247"
"第十二届国际材料科学与工程年会（ ICMSE ）","10.4028/b-XDTcg5"
"SMNN ：通过监督相互最近邻对单细胞RNA-seq数据的批量效应校正","10.1093/bib/bbaa097"
"scAPAtrap ：从单细胞R中鉴定和定量替代性聚腺苷酸化位点","10.1093/bib/bbaa273"
"CIForm作为大规模单细胞RNA-seq数据的细胞类型标注的基于Transformer的模型","10.1093/bib/bbad195"
"单细胞RNA测序数据集的单细胞分类器的评估。","10.1093/bib/bbz096"
"movAPA ：生物样本中替代聚腺苷酸化动态的建模和可视化","10.1093/bioinformatics/btaa997"
"大规模的高性能单细胞基因调控网络推断： Inferelator 3.0。","10.1093/bioinformatics/btac117"
"全基因组中端转录谱揭示了人体组织中的表达水平关系","10.1093/bioinformatics/bti042"
"从部分观察重建时空基因表达数据。","10.1093/bioinformatics/btp437"
"edgeR ：用于数字基因表达数据差异表达分析的生物导体包。","10.1093/bioinformatics/btp616"
"BEDTools ：用于比较基因组特征的灵活实用程序套件。","10.1093/bioinformatics/btq033"
"复杂的热图揭示了多维基因组数据中的模式和相关性。","10.1093/bioinformatics/btw313"
"特征特定分位数归一化使分子亚型的跨平台分类成为可能","10.1093/bioinformatics/bty026"
"条形码、UMI、SET FORMAT和BUStools。","10.1093/bioinformatics/btz279"
"scDAPA ：从单细胞RNA-seq检测和可视化动态替代多聚腺苷酸化","10.1093/bioinformatics/btz701"
"建立叶极性：小RNA和位置信号在拍摄顶点中的作用。","10.1242/dev.000497"
"拟南芥的不对称叶片发育和叶片扩张由KANADI和YABBY ACTI介导","10.1242/dev.01186"
"ACAULIS5通过预防细胞过早死亡来控制拟南芥木质部规格。","10.1242/dev.019349"
"拟南芥分生组织干细胞生态位的高分辨率基因表达图谱。","10.1242/dev.106104"
"大鼠原肠胚形成期间异常快速的细胞周期表征。","10.1242/dev.117.3.873"
"<i>拟南芥</i>根系发育：根系形态发生显著改变的四种突变体","10.1242/dev.119.1.57"
"拟南芥根的细胞组织。","10.1242/dev.119.1.71"
"联合芽MERISTEMLESS和WUSCHEL触发拟南芥异位器官发生。","10.1242/dev.129.13.3207"
"拟南芥侧根的出现依赖于生长素的转录因子LBD29调节","10.1242/dev.136283"
"拟南芥中熊皮转录因子对根冠成熟和细胞脱离的控制。","10.1242/dev.142331"
"Developmental single-cell transcriptomics in the Lytechinus variegatus sea urchi","10.1242/dev.198614"
"Regeneration or scarring: an immunologic perspective.","10.1002/dvdy.10239"
"Irreversible fate commitment in the Arabidopsis stomatal lineage requires a FAMA","10.7554/eLife.03271"
"created: 2026-05-28","10.7554/eLife.26792.024"
"Cutadapt removes adapter sequences from high-throughput sequencing reads","10.14806/ej.17.1.200"
"WRKY transcription factors and OBERON histone-binding proteins form complexes to","10.15252/embj.2023113639"
"Selection for early shoot vigour in wheat increases root hair length but reduces","10.1093/jxb/erac048"
"Single-cell transcriptomics reveals heterogeneity in plant responses to the envi","10.1093/jxb/erae107"
"Roles of the bundle sheath cells in leaves of C3 plants.","10.1093/jxb/erm335"
"Involvement of Arabidopsis histone deacetylase HDA6 in ABA and salt stress respo","10.1093/jxb/erq154"
"Novel imaging-based phenotyping strategies for dissecting crosstalk in plant dev","10.1093/jxb/erv265"
"Histone deacetylase HDA9 negatively regulates salt and drought stress responsive","10.1093/jxb/erv562"
"YUCCA-mediated auxin biogenesis is required for cell fate transition occurring d","10.1093/jxb/erw213"
"gprofiler2 -- an R package for gene list functional enrichment analysis and name","10.12688/f1000research.24956.2"
"Doublet identification in single-cell sequencing data using <i>scDblFinder</i>.","10.12688/f1000research.73600.2"
"Signatures of mRNA Alternative Polyadenylation in <i>Arabidopsis</i> Leaf Develo","10.3389/fgene.2022.863253"
"A quantitative analysis of stem cell homeostasis in the Arabidopsis columella ro","10.3389/fpls.2015.00206"
"Using a Structural Root System Model to Evaluate and Improve the Accuracy of Roo","10.3389/fpls.2017.00447"
"Divergence in the Regulation of the Salt Tolerant Response Between <i>Arabidopsi","10.3389/fpls.2022.866054"
"Deciphering the Multi-Chromosomal Mitochondrial Genome of <i>Populus simonii</i>","10.3389/fpls.2022.914635"
"Opportunities and challenges in the application of single-cell and spatial trans","10.3389/fpls.2023.1185377"
"Transcription switches for protoxylem and metaxylem vessel formation.","10.1101/gad.1331305"
"Signals and prepatterns: new insights into organ polarity in plants.","10.1101/gad.1819909"
"Mosaic analyses using marked activation and deletion clones dissect Arabidopsis","10.1101/gad.305504"
"Reversible histone acetylation and deacetylation mediate genome-wide, promoter-d","10.1534/genetics.104.033142"
"fastSTRUCTURE: variational inference of population structure in large SNP data s","10.1534/genetics.114.164350"
"MUSCLE: multiple sequence alignment with high accuracy and high throughput.","10.1093/nar/gkh340"
"Measuring cell identity in noisy biological systems.","10.1093/nar/gkr591"
"Differential expression analysis of multifactor RNA-Seq experiments with respect","10.1093/nar/gks042"
"agriGO v2.0: a GO analysis toolkit for the agricultural community, 2017 update.","10.1093/nar/gkx382"
"Cell-type-specific analysis of alternative polyadenylation using single-cell tra","10.1093/nar/gkz781"
"Cytoscape: a software environment for integrated models of biomolecular interact","10.1101/gr.1239303"
"From single-cell to cell-pool transcriptomes: stochasticity in gene expression a","10.1101/gr.161034.113"
"Genome-wide dynamics of alternative polyadenylation in rice.","10.1101/gr.210757.116"
"Analysis of alternative polyadenylation from single-cell RNA-seq using scDaPars","10.1101/gr.271346.120"
"Genome-Wide Analysis of the WOX Family and Its Expression Pattern in Root Develo","10.3390/ijms25147668"
"Genetic evidence that the endodermis is essential for shoot gravitropism in Arab","10.1046/j.1365-313X.1998.00137.x"
"Degradation of the cyclin-dependent kinase inhibitor KRP1 is regulated by two di","10.1111/j.1365-313X.2007.03370.x"
"Arabidopsis PCFS4, a homologue of yeast polyadenylation factor Pcf11p, regulates","10.1111/j.1365-313X.2008.03455.x"
"The DOF transcription factor OBP1 is involved in cell cycle regulation in Arabid","10.1111/j.1365-313X.2008.03641.x"
"Two Arabidopsis 3-ketoacyl CoA synthase genes, KCS20 and KCS2/DAISY, are functio","10.1111/j.1365-313X.2009.03973.x"
"The development of Arabidopsis as a model plant.","10.1111/j.1365-313X.2009.04086.x"
"The intracellular Arabidopsis COPT5 transport protein is required for photosynth","10.1111/j.1365-313X.2010.04472.x"
"Controlling the False Discovery Rate: A Practical and Powerful Approach to Multi","10.1111/j.2517-6161.1995.tb02031.x"
"Regression Shrinkage and Selection Via the Lasso","10.1111/j.2517-6161.1996.tb02080.x"
"The Mystery of the Z-Score.","10.12945/j.aorta.2016.16.014"
"Roles of dynamic and reversible histone acetylation in plant development and pol","10.1016/j.bbaexp.2007.04.007"
"Chemical inhibition of the histone acetyltransferase activity in Arabidopsis tha","10.1016/j.bbrc.2016.12.086"
"Emergence of a High-Plasticity Cell State during Lung Cancer Evolution.","10.1016/j.ccell.2020.06.012"
"Plant stem cell niches: standing the test of time.","10.1016/j.cell.2008.02.001"
"BASL controls asymmetric cell division in Arabidopsis.","10.1016/j.cell.2009.04.018"
"Nonstochastic reprogramming from a privileged somatic cell state.","10.1016/j.cell.2014.01.020"
"Transit-amplifying cells orchestrate stem cell activity and tissue regeneration.","10.1016/j.cell.2014.02.057"
"Highly Parallel Genome-wide Expression Profiling of Individual Cells Using Nanol","10.1016/j.cell.2015.05.002"
"Cistrome and Epicistrome Features Shape the Regulatory DNA Landscape.","10.1016/j.cell.2016.04.038"
"Root Regeneration Triggers an Embryo-like Sequence Guided by Hormonal Interactio","10.1016/j.cell.2016.04.046"
"The Root Cap Cuticle: A Cell Wall Structure for Seedling Establishment and Later","10.1016/j.cell.2019.01.005"
"Optimal-Transport Analysis of Single-Cell Gene Expression Identifies Development","10.1016/j.cell.2019.01.006"
"A Jasmonate Signaling Network Activates Root Stem Cells and Promotes Regeneratio","10.1016/j.cell.2019.03.006"
"Re-activation of Stem Cell Pathways for Pattern Restoration in Plant Wound Heali","10.1016/j.cell.2019.04.015"
"Genome-Scale Imaging of the 3D Organization and Transcriptional Activity of Chro","10.1016/j.cell.2020.07.032"
"Spatiotemporal transcriptomic atlas of mouse organogenesis using DNA nanoball-pa","10.1016/j.cell.2022.04.003"
"An Arabidopsis single-nucleus atlas decodes leaf senescence and nutrient allocat","10.1016/j.cell.2025.03.024"
"A genome-scale resource for the functional characterization of Arabidopsis trans","10.1016/j.celrep.2014.06.033"
"Molecular Mechanisms Driving Switch Behavior in Xylem Cell Differentiation.","10.1016/j.celrep.2019.06.041"
"Single-cell profiling of Arabidopsis leaves to Pseudomonas syringae infection.","10.1016/j.celrep.2023.112676"
"Cell-type-specific responses to fungal infection in plants revealed by single-ce","10.1016/j.chom.2023.08.019"
"Structure-function analyses reveal <i>Arabidopsis thaliana</i> HDA7 to be an ina","10.1016/j.crstbi.2024.100136"
"AP2/ERF转录因子WIND1控制拟南芥细胞去分化","10.1016/j.cub.2011.02.020"
"Rules and Self-Organizing Properties of Post-embryonic Plant Organ Cell Division","10.1016/j.cub.2015.12.047"
"Plant Stem Cells.","10.1016/j.cub.2016.07.070"
"Strigolactone- and Karrikin-Independent SMXL Proteins Are Central Regulators of","10.1016/j.cub.2017.03.014"
"植物的生长防御权衡","10.1016/j.cub.2022.04.070"
"The cellular basis for animal regeneration.","10.1016/j.devcel.2011.06.016"
"A bHLH complex controls embryonic vascular tissue establishment and indeterminat","10.1016/j.devcel.2012.12.013"
"Transcriptome dynamics of the stomatal lineage: birth, amplification, and termin","10.1016/j.devcel.2015.01.025"
"High-Resolution Expression Map of the Arabidopsis Root Reveals Alternative Splic","10.1016/j.devcel.2016.10.012"
"Faculty Opinions recommendation of Spatiotemporal Developmental Trajectories in","10.3410/f.735384662.793561483"
"Spatiotemporal Developmental Trajectories in the Arabidopsis Root Revealed Using","10.1016/j.devcel.2019.02.022"
"Chromatin Accessibility Dynamics and a Hierarchical Transcriptional Regulatory N","10.1016/j.devcel.2020.07.003"
"Single-cell RNA sequencing of developing maize ears facilitates functional analy","10.1016/j.devcel.2020.12.015"
"Plant glutamate receptors mediate a bet-hedging strategy between regeneration an","10.1016/j.devcel.2022.01.013"
"The single-cell stereo-seq reveals region-specific cell subtypes and transcripto","10.1016/j.devcel.2022.04.011"
"Mechanical conflict caused by a cell-wall-loosening enzyme activates de novo sho","10.1016/j.devcel.2022.07.017"
"Spatiotemporal transcriptomic landscape of rice embryonic cells during seed germ","10.1016/j.devcel.2024.05.016"
"Glutathione accelerates the cell cycle and cellular reprogramming in plant regen","10.1016/j.devcel.2024.12.019"
"Reactive oxygen species-dependent wound responses in animals and plants.","10.1016/j.freeradbiomed.2012.10.538"
"Responses of belowground fine root biomass and morphology in Robinia pseudoacaci","10.1016/j.gecco.2024.e02863"
"Evaluation of Cell Type Annotation R Packages on Single-cell RNA-seq Data.","10.1016/j.gpb.2020.07.004"
"A Survey on Methods for Predicting Polyadenylation Sites from DNA Sequences, Bul","10.1016/j.gpb.2022.09.005"
"Single-nucleus RNA sequencing of Nicotiana tabacum seedlings reveals heterogenei","10.1016/j.indcrop.2023.117825"
"Method selection in craniofacial measurements: advantages and disadvantages of 3","10.1016/j.jcms.2008.12.005"
"Histone deacetylation-mediated cellular dedifferentiation in Arabidopsis.","10.1016/j.jplph.2015.12.006"
"The technology and biology of single-cell RNA sequencing.","10.1016/j.molcel.2015.04.005"
"Advances and applications of single-cell sequencing technologies.","10.1016/j.molcel.2015.05.005"
"Comparative Analysis of Single-Cell RNA Sequencing Methods.","10.1016/j.molcel.2017.01.023"
"Single-Cell Alternative Splicing Analysis with Expedition Reveals Splicing Dynam","10.1016/j.molcel.2017.06.003"
"A Growing Toolbox to Image Gene Expression in Single Cells: Sensitive Approaches","10.1016/j.molcel.2018.07.022"
"Single-Cell Transcriptome Analysis in Plants: Advances and Challenges.","10.1016/j.molp.2020.10.012"
"Reconstruction of lateral root formation through single-cell RNA sequencing reve","10.1016/j.molp.2021.05.028"
"MINI-EX: Integrative inference of single-cell gene regulatory networks in plants","10.1016/j.molp.2022.10.016"
"Differentiation trajectories and biofunctions of symbiotic and un-symbiotic fate","10.1016/j.molp.2022.10.019"
"Cell-specific pathways recruited for symbiotic nodulation in the Medicago trunca","10.1016/j.molp.2022.10.021"
"High-resolution anatomical and spatial transcriptome analyses reveal two types o","10.1016/j.molp.2023.03.005"
"Single-cell RNA sequencing reveals a hierarchical transcriptional regulatory net","10.1016/j.molp.2023.10.008"
"Systematic identification of wheat spike developmental regulators by integrated","10.1016/j.molp.2024.01.010"
"WIND1 controls cell fate transition through coordinately integrating histone ace","10.1016/j.molp.2026.03.005"
"The dynamic plant stem cell niches.","10.1016/j.pbi.2007.07.001"
"The integration of cell division, growth and differentiation.","10.1016/j.pbi.2009.11.001"
"Plant stem cell niches: from signalling to execution.","10.1016/j.pbi.2010.08.001"
"Stem cell maintenance in shoot apical meristems.","10.1016/j.pbi.2011.10.008"
"Signaling in shoot and flower meristems of Arabidopsis thaliana.","10.1016/j.pbi.2013.11.011"
"O cell, where art thou? The mechanisms of shoot meristem patterning.","10.1016/j.pbi.2014.11.002"
"Linking cell cycle to stomatal differentiation.","10.1016/j.pbi.2019.03.010"
"A single-cell view of tissue regeneration in plants.","10.1016/j.pbi.2019.09.003"
"The promise of single-cell genomics in plants.","10.1016/J.PBI.2020.04.002"
"Transcriptome and GWAS analyses reveal candidate gene for seminal root length of","10.1016/j.plantsci.2019.110380"
"Review: Challenges and perspectives in applying single nuclei RNA-seq technology","10.1016/j.plantsci.2022.111486"
"Regeneration in plants and animals: dedifferentiation, transdifferentiation, or","10.1016/j.tcb.2010.12.004"
"Uncovering Gene Regulatory Networks Controlling Plant Cell Differentiation.","10.1016/j.tig.2017.05.002"
"Intricacies of single-cell multi-omics data integration.","10.1016/j.tig.2021.08.012"
"Deep Learning for Plant Stress Phenotyping: Trends and Future Perspectives.","10.1016/j.tplants.2018.07.004"
"To Divide or Differentiate: It Is about Scaffolding.","10.1016/j.tplants.2019.03.007"
"Single-Cell Transcriptomics: A High-Resolution Avenue for Plant Functional Genom","10.1016/j.tplants.2019.10.008"
"Single-Cell Genomics and Epigenomics: Technologies and Applications in Plants.","10.1016/j.tplants.2020.04.016"
"Crafting a blueprint for single-cell RNA sequencing.","10.1016/j.tplants.2021.08.016"
"Mass spectrometry imaging and single-cell transcriptional profiling reveal the t","10.1016/j.xplc.2023.100630"
"Single-cell transcriptome atlases of soybean root and mature nodule reveal new r","10.1016/j.xplc.2024.100984"
"Cell cycle-regulated gene expression in Arabidopsis.","10.1074/jbc.M207570200"
"Curcumin, a novel p300/CREB-binding protein-specific inhibitor of acetyltransfer","10.1074/jbc.M409024200"
"The plant stomatal lineage at a glance.","10.1242/jcs.228551"
"Reactive oxygen species regulate auxin levels to mediate adventitious root induc","10.1111/jipb.12870"
"WHIRLY1 recruits the histone deacetylase HDA15 repressing leaf senescence and fl","10.1111/jipb.13272"
"Whole-genome analysis of the SHORT-ROOT developmental pathway in Arabidopsis.","10.1371/journal.pbio.0040143"
"Optimal transport analysis reveals trajectories in steady-state systems.","10.1371/journal.pcbi.1009466"
"MYB44-ENAP1/2 restricts HDT4 to regulate drought tolerance in Arabidopsis.","10.1371/journal.pgen.1010473"
"SARTools: A DESeq2- and EdgeR-Based R Pipeline for Comprehensive Differential An","10.1371/journal.pone.0157022"
"Alternative polyadenylation of single cells delineates cell types and serves as","10.1371/journal.pone.0217196"
"Alternative 3'-untranslated regions regulate high-salt tolerance of Spartina alt","10.1093/plphys/kiad030"
"Interactions between SQUAMOSA and SHORT VEGETATIVE PHASE MADS-box proteins regul","10.1093/plcell/koab243"
"PAT1-type GRAS-domain proteins control regeneration by activating DOF3.4 to driv","10.1093/plcell/koad028"
"Transcriptional activation by WRKY23 and derepression by removal of bHLH041 coor","10.1093/plcell/koad255"
"Best practices for the execution, analysis, and data storage of plant single-cel","10.1093/plcell/koae003"
"The SAUR41 subfamily of SMALL AUXIN UP RNA genes is abscisic acid inducible to m","10.1093/aob/mcz160"
"A map of cell type-specific auxin responses.","10.1038/msb.2013.40"
"MEGA7: Molecular Evolutionary Genetics Analysis Version 7.0 for Bigger Datasets.","10.1093/molbev/msw054"
"APL regulates vascular tissue identity in Arabidopsis.","10.1038/nature02100"
"Chromatin organization and cell fate switch respond to positional information in","10.1038/nature04269"
"The plant immune system.","10.1038/nature05286"
"Conserved factors regulate signalling in Arabidopsis thaliana shoot and root ste","10.1038/nature05703"
"Cells keep a memory of their tissue origin during axolotl limb regeneration.","10.1038/nature08152"
"Stomagen positively regulates stomatal density in Arabidopsis.","10.1038/nature08682"
"Cell signalling by microRNA165/6 directs gene dose-dependent root cell fate.","10.1038/nature08977"
"A novel protein family mediates Casparian strip formation in the endodermis.","10.1038/nature10070"
"Single-cell transcriptomics reveals bimodality in expression and splicing in imm","10.1038/nature12172"
"The dynamics and regulators of cell fate decisions are revealed by pseudotempora","10.1038/nbt.2859"
"Near-optimal probabilistic RNA-seq quantification.","10.1038/nbt.3519"
"Arabidopsis ERF109 mediates cross-talk between jasmonic acid and auxin biosynthe","10.1038/ncomms6833"
"The circadian clock rephases during lateral root organ initiation in Arabidopsis","10.1038/ncomms8641"
"Cis and trans determinants of epigenetic silencing by Polycomb repressive comple","10.1038/ng.3937"
"Variance component model to account for sample structure in genome-wide associat","10.1038/ng.548"
"Fast gapped-read alignment with Bowtie 2.","10.1038/nmeth.1923"
"Reversed graph embedding resolves complex single-cell trajectories.","10.1038/nmeth.4402"
"Massively parallel single-nucleus RNA-seq with DroNc-seq.","10.1038/nmeth.4407"
"Single-cell sequencing reveals dissociation-induced gene expression in tissue su","10.1038/nmeth.4437"
"Cell type-specific expression profiling in plants via cell sorting of protoplast","10.1038/nmeth0805-615"
"Are above- and below-ground phenology in sync?","10.1111/nph.13111"
"50 years of Arabidopsis research: highlights and future directions.","10.1111/nph.13687"
"Integration of genome wide association studies and co-expression networks reveal","10.1111/nph.17469"
"RRS1 shapes robust root system to enhance drought resistance in rice.","10.1111/nph.18775"
"Plant root mechanisms and their effects on carbon and nutrient accumulation in d","10.1111/nph.19676"
"The heterodimeric transcription factor complex ERF115-PAT1 grants regeneration c","10.1038/nplants.2016.165"
"Spatially resolved transcriptome profiling in model plant species.","10.1038/nplants.2017.61"
"Alternative polyadenylation of mRNA precursors.","10.1038/nrm.2016.116"
"Plant and animal stem cells: similar yet different.","10.1038/nrm3790"
"A quantitative scale of spike initial and pistil development in barley and wheat","10.1093/oxfordjournals.aob.a086434"
"PeCHYR1, a ubiquitin E3 ligase from Populus euphratica, enhances drought toleran","10.1111/pbi.12893"
"The wheat AGL6-like MADS-box gene is a master regulator for floral organ identit","10.1111/pbi.13696"
"Single-cell transcriptome atlas reveals developmental trajectories and a novel m","10.1111/pbi.13891"
"PlantPhoneDB: A manually curated pan-plant database of ligand-receptor pairs inf","10.1111/pbi.13893"
"Single-cell RNA sequencing profiles reveal cell type-specific transcriptional re","10.1111/pbi.14097"
"ScRNA-seq reveals dark- and light-induced differentially expressed gene atlases","10.1111/pbi.14306"
"OsHDA710-Mediated Histone Deacetylation Regulates Callus Formation of Rice Matur","10.1093/pcp/pcaa086"
"Joint genetic and network analyses identify loci associated with root growth und","10.1111/pce.12691"
"Jasmonic acid coordinates with light, glucose and auxin signalling in regulating","10.1111/pce.14290"
"Revisiting the role of MAPK signalling pathway in plants and its manipulation fo","10.1111/pce.14606"
"Members of the NPF3 transporter subfamily encode pathogen-inducible nitrate/nitr","10.1093/pcp/pct167"
"A unique HEAT repeat-containing protein SHOOT GRAVITROPISM6 is involved in vacuo","10.1093/pcp/pcu020"
"Calpain-Mediated Positional Information Directs Cell Wall Orientation to Sustain","10.1093/pcp/pcv110"
"A Conceptual Framework for Cell Identity Transitions in Plants.","10.1093/pcp/pcx172"
"RhizoVision Explorer: open-source software for root image analysis and measureme","10.1093/aobpla/plab056"
"Plant Growth Regulators: An Overview of WOX Gene Family.","10.3390/plants13213108"
"Transcriptional and posttranscriptional regulation of transcription factor expre","10.1073/pnas.0510607103"
"Identification of acyltransferases required for cutin biosynthesis and productio","10.1073/pnas.0706984104"
"Cell-specific nitrogen responses mediate developmental plasticity.","10.1073/pnas.0709559105"
"Gene expression map of the Arabidopsis shoot apical meristem stem cell niche.","10.1073/pnas.0900843106"
"Genome-wide landscape of polyadenylation in Arabidopsis provides evidence for ex","10.1073/pnas.1019732108"
"Arabidopsis lateral organ boundaries negatively regulates brassinosteroid accumu","10.1073/pnas.1210789109"
"The MYB36 transcription factor orchestrates Casparian strip formation.","10.1073/pnas.1507691112"
"MYB36 regulates the transition from proliferation to differentiation in the Arab","10.1073/pnas.1515576112"
"Framework for gradual progression of cell ontogeny in the &lt;i&gt;Arabidopsis&l","10.1073/pnas.1707400114"
"The <i>Arabidopsis</i> GRAS-type SCL28 transcription factor controls the mitotic","10.1073/pnas.2005256118"
"Root angle is controlled by &lt;i&gt;EGT1&lt;/i&gt; in cereal crops employing an","10.1073/pnas.2201350119"
"Spatial transcriptomics reveals light-induced chlorenchyma cells involved in pro","10.1073/pnas.2310163120"
"Genetic evidence for the in planta role of phloem-specific plasma membrane sucro","10.1073/pnas.250473797"
"FIDDLEHEAD, a gene required to suppress epidermal cell interactions in Arabidops","10.1073/pnas.97.3.1311"
"AtREM1, a member of a new family of B3 domain-containing genes, is preferentiall","10.1104/pp.010323"
"Arabidopsis thickvein mutation affects vein thickness and organ vascularization,","10.1104/pp.104.055756"
"Compilation of mRNA polyadenylation signals in Arabidopsis revealed a new signal","10.1104/pp.105.060541"
"Protein geranylgeranyltransferase I is involved in specific aspects of abscisic","10.1104/pp.105.065045"
"The Arabidopsis zinc finger-homeodomain genes encode proteins with unique bioche","10.1104/pp.105.070565"
"AINTEGUMENTA contributes to organ polarity and regulates growth of lateral organ","10.1104/pp.106.076604"
"Combining expression and comparative evolutionary analysis. The COBRA gene famil","10.1104/pp.106.087262"
"The Arabidopsis histone deacetylases HDA6 and HDA19 contribute to the repression","10.1104/pp.107.111674"
"Root Architecture and Plant Productivity.","10.1104/pp.109.1.7"
"Arabidopsis LON2 is necessary for peroxisomal function and sustained matrix prot","10.1104/pp.109.142505"
"Short-Root regulates primary, lateral, and adventitious root development in Arab","10.1104/pp.110.165126"
"Genome-wide direct target analysis reveals a role for SHORT-ROOT in root vascula","10.1104/pp.111.183178"
"RooTrak: automated recovery of three-dimensional plant root architecture in soil","10.1104/pp.111.186221"
"Auxin and epigenetic regulation of SKP2B, an F-box that represses lateral root f","10.1104/pp.112.198341"
"Identification of an Arabidopsis fatty alcohol:caffeoyl-Coenzyme A acyltransfera","10.1104/pp.112.201822"
"The optimal lateral root branching density for maize depends on nitrogen and pho","10.1104/pp.113.233916"
"The Emerging Role of Reactive Oxygen Species Signaling during Lateral Root Devel","10.1104/pp.114.238873"
"An enhancer trap line associated with a D-class cyclin gene in Arabidopsis.","10.1104/pp.124.4.1658"
"Seed Dormancy in Arabidopsis Is Controlled by Alternative Polyadenylation of DOG","10.1104/pp.15.01483"
"The Distinct Roles of Class I and II RPD3-Like Histone Deacetylases in Salinity","10.1104/pp.17.01332"
"A Comprehensive Toolkit for Inducible, Cell Type-Specific Gene Expression in Ara","10.1104/pp.18.00463"
"PlantAPAdb: A Comprehensive Database for Alternative Polyadenylation Sites in Pl","10.1104/pp.19.00943"
"Shaping the root system architecture in plants for adaptation to drought stress.","10.1111/ppl.13651"
"Role of histone deacetylases HDA6 and HDA19 in ABA and abiotic stress response.","10.4161/psb.5.10.13168"
"The art of fin regeneration in zebrafish.","10.1002/reg2.33"
"Evaluating the effective numbers of independent tests and significant p-value th","10.1007/s00439-011-1118-2"
"Molecular characterization and functional analysis of a cation-chloride cotransp","10.1007/s00468-017-1621-8"
"A novel drought-inducible gene, ATAF1, encodes a NAC family protein that negativ","10.1007/s11103-006-9089-8"
"Root phenotypes for improved nitrogen capture.","10.1007/s11104-023-06301-2"
"Genome-wide analysis and expression profiling of zinc finger homeodomain (ZHD) f","10.1186/s12864-017-4082-y"
"A multi-omics approach reveals function of Secretory Carrier-Associated Membrane","10.1186/s12864-017-4411-1"
"The members of zinc finger-homeodomain (ZF-HD) transcription factors are associa","10.1186/s12870-024-06028-x"
"Chromatin accessibility illuminates single-cell regulatory dynamics of rice root","10.1186/s12915-022-01473-2"
"RhizoTubes as a new tool for high throughput imaging of plant root development a","10.1186/s13007-016-0131-9"
"Week-long imaging of cell divisions in the Arabidopsis root meristem.","10.1186/s13007-019-0417-9"
"The potential of single-cell profiling in plants.","10.1186/s13059-016-0931-2"
"MAPK-triggered chromatin reprogramming by histone deacetylase in plant innate im","10.1186/s13059-017-1261-8"
"A benchmark of batch-effect correction methods for single-cell RNA sequencing da","10.1186/s13059-019-1850-9"
"Sierra: discovery of differential transcript usage from polyA-captured single-ce","10.1186/s13059-020-02071-7"
"Transcriptional landscape of highly lignified poplar stems at single-cell resolu","10.1186/s13059-021-02537-2"
"Single-cell transcriptome reveals dominant subgenome expression and transcriptio","10.1186/s13059-022-02834-4"
"Single-cell transcriptomics unveils xylem cell development and evolution.","10.1186/s13059-022-02845-1"
"Asymmetric gene expression and cell-type-specific regulatory networks in the roo","10.1186/s13059-023-02908-x"
"Protein degradation in signaling","10.1016/s1369-5266(00)00100-x"
"The implications of single-cell RNA-seq analysis in prostate cancer: unraveling","10.1186/s40779-024-00526-7"
"Characterizing the replicability of cell types defined by single cell RNA-sequen","10.1038/s41467-018-03282-0"
"A gene expression map of shoot domains reveals regulatory mechanisms.","10.1038/s41467-018-08083-z"
"Stem-cell-ubiquitous genes spatiotemporally coordinate division through regulati","10.1038/s41467-019-13132-2"
"Single-cell transcriptome atlas and chromatin accessibility landscape reveal dif","10.1038/s41467-021-22352-4"
"The regulatory landscape of Arabidopsis thaliana roots at single-cell resolution","10.1038/s41467-021-23675-y"
"Single-cell analysis of human primary prostate cancer reveals the heterogeneity","10.1038/s41467-021-27322-4"
"Online single-cell data integration through projecting heterogeneous datasets in","10.1038/s41467-022-33758-z"
"Arabidopsis TRB proteins function in H3K4me3 demethylation by recruiting JMJ14.","10.1038/s41467-023-37263-9"
"Single-cell analysis identifies genes facilitating rhizobium infection in Lotus","10.1038/s41467-023-42911-1"
"Decoding the gene regulatory network of endosperm differentiation in maize.","10.1038/s41467-023-44369-7"
"Single-cell and spatial RNA sequencing reveal the spatiotemporal trajectories of","10.1038/s41467-024-47329-x"
"Single-cell transcriptomes reveal spatiotemporal heat stress response in maize r","10.1038/s41467-024-55485-3"
"Minimum requirements for changing and maintaining endodermis cell identity in th","10.1038/s41477-018-0213-y"
"Jasmonate-mediated wound signalling promotes plant regeneration.","10.1038/s41477-019-0408-x"
"Single-cell RNA sequencing provides a high-resolution roadmap for understanding","10.1038/s41477-022-01291-y"
"Multiplexed single-cell 3D spatial gene expression analysis in plant tissue usin","10.1038/s41477-023-01439-4"
"Single-nucleus transcriptomes reveal spatiotemporal symbiotic perception and ear","10.1038/s41477-023-01524-8"
"Spatial co-transcriptomics reveals discrete stages of the arbuscular mycorrhizal","10.1038/s41477-024-01666-3"
"The apoplastic pH is a key determinant in the hypocotyl growth response to auxin","10.1038/s41477-025-01910-4"
"Integrative single-cell analysis.","10.1038/s41576-019-0093-7"
"Alternative cleavage and polyadenylation in health and disease.","10.1038/s41576-019-0145-z"
"Best practices for single-cell analysis across modalities.","10.1038/s41576-023-00586-w"
"High levels of auxin signalling define the stem-cell organizer of the vascular c","10.1038/s41586-018-0837-0"
"Mobile PEAR transcription factors integrate positional cues to prime cambial gro","10.1038/s41586-018-0839-y"
"Transcriptome-scale super-resolved imaging in tissues by RNA seqFISH.","10.1038/s41586-019-1049-y"
"Gene expression cartography.","10.1038/s41586-019-1773-3"
"Graph-based genome alignment and genotyping with HISAT2 and HISAT-genotype.","10.1038/s41587-019-0201-4"
"Generalizing RNA velocity to transient cell states through dynamical modeling.","10.1038/s41587-020-0591-3"
"Robust decomposition of cell type mixtures in spatial transcriptomics.","10.1038/s41587-021-00830-w"
"Spatial metatranscriptomics resolves host-bacteria-fungi interactomes.","10.1038/s41587-023-01979-2"
"Single-cell multi-omics in the medicinal plant Catharanthus roseus.","10.1038/s41589-023-01327-0"
"High-definition spatial transcriptomics for in situ tissue profiling.","10.1038/s41592-019-0548-y"
"Orchestrating single-cell analysis with Bioconductor.","10.1038/s41592-019-0654-x"
"Museum of spatial transcriptomics.","10.1038/s41592-022-01409-2"
"FX-Cell: a method for single-cell RNA sequencing on difficult-to-digest and cryo","10.1038/s41592-025-02900-2"
"Semi-automated Root Image Analysis (saRIA).","10.1038/s41598-019-55876-3"
"Iterative image segmentation of plant roots for high-throughput phenotyping.","10.1038/s41598-022-19754-9"
"Histone acetylation orchestrates wound-induced transcriptional activation and ce","10.1038/s42003-019-0646-5"
"Leaf senescence: progression, regulation, and application.","10.1186/s43897-021-00006-9"
"Plant development: regulation by protein degradation.","10.1126/science.1072831"
"Genome-wide insertional mutagenesis of Arabidopsis thaliana.","10.1126/science.1086391"
"An ancient mechanism controls the development of cells with a rooting function i","10.1126/science.1142618"
"A high-resolution root spatiotemporal map reveals dominant expression patterns.","10.1126/science.1146265"
"Cell identity mediates the response of Arabidopsis roots to abiotic stress.","10.1126/science.1153795"
"Receptor-like kinase ACR4 restricts formative cell divisions in the Arabidopsis","10.1126/science.1160158"
"Secreted peptide signals required for maintenance of root stem cell niche in Ara","10.1126/science.1191132"
"Sucrose efflux mediated by SWEET proteins as a key step for phloem transport.","10.1126/science.1213351"
"Timing mechanism dependent on cell division is invoked by Polycomb eviction in p","10.1126/science.1248559"
"RNA imaging. Spatially resolved, highly multiplexed RNA profiling in single cell","10.1126/science.aaa6090"
"Visualization and analysis of gene expression in tissue sections by spatial tran","10.1126/science.aaf2403"
"Single-cell reconstruction of developmental trajectories during zebrafish embryo","10.1126/science.aar3131"
"The dynamics of gene expression in vertebrate embryogenesis at single-cell resol","10.1126/science.aar5780"
"Three-dimensional intact-tissue sequencing of single-cell transcriptional states","10.1126/science.aat5691"
"Defining the developmental program leading to meiosis in maize.","10.1126/science.aav6428"
"Single-cell transcriptional diversity is a hallmark of developmental potential.","10.1126/science.aax0249"
"Vascular transcription factors guide plant epidermal responses to limiting phosp","10.1126/science.aay4970"
"Histone acetyltransferase AtGCN5/HAG1 is a versatile regulator of developmental","10.1093/mp/ssq018"
"The Arabidopsis cell division cycle.","10.1199/tab.0120"
"Arabidopsis E2Fc functions in cell division and is degraded by the ubiquitin-SCF","10.1105/tpc.006791"
"Cell pattern in the Arabidopsis root epidermis determined by lateral inhibition","10.1105/tpc.010434"
"HISTONE DEACETYLASE19 is involved in jasmonic acid and ethylene signaling of pat","10.1105/tpc.104.028514"
"Transcriptional profile of the Arabidopsis root quiescent center.","10.1105/tpc.105.031724"
"SIAMESE, a plant-specific cell cycle regulator, controls endoreplication onset i","10.1105/tpc.106.044834"
"High-resolution whole-mount imaging of three-dimensional tissue organization and","10.1105/tpc.107.056069"
"SUMO E3 ligase HIGH PLOIDY2 regulates endocycle onset and meristem maintenance i","10.1105/tpc.109.068072"
"How a plant builds leaves.","10.1105/tpc.110.073924"
"TDIF peptide signaling regulates vascular stem cell proliferation via the WOX4 h","10.1105/tpc.110.076083"
"Genome-wide control of polyadenylation site choice by CPSF30 in Arabidopsis.","10.1105/tpc.112.096107"
"The root hair "infectome" of Medicago truncatula uncovers changes in cell cycle","10.1105/tpc.114.133496"
"Cell differentiation and development in Arabidopsis are associated with changes","10.1105/tpc.114.133793"
"The Arabidopsis LAZY1 Family Plays a Key Role in Gravity Signaling within Statoc","10.1105/tpc.16.00575"
"A Two-Step Model for de Novo Activation of <i>WUSCHEL</i> during Plant Shoot Reg","10.1105/tpc.16.00863"
"A Spatiotemporal DNA Endoploidy Map of the Arabidopsis Root Reveals Roles for th","10.1105/tpc.17.00983"
"Celebrating 20 Years of Genetic Discoveries in Legume Nodulation and Symbiotic N","10.1105/tpc.19.00279"
"AtLAZY1 is a signaling component required for gravitropism of the Arabidopsis th","10.1111/tpj.12118"
"A chemical complementation approach reveals genes and interactions of flavonoids","10.1111/tpj.12129"
"The iRoCS Toolbox--3D analysis of the plant root apical meristem at cellular res","10.1111/tpj.12429"
"Extracting multiple interacting root systems using X-ray microcomputed tomograph","10.1111/tpj.13047"
"DRO1 influences root system architecture in Arabidopsis and Prunus species.","10.1111/tpj.13470"
"Role of cleavage and polyadenylation specificity factor 100: anchoring poly(A) s","10.1111/tpj.13611"
"Differential alternative polyadenylation contributes to the developmental diverg","10.1111/tpj.14209"
"SUPPRESSOR OF MAX2 1-LIKE 5 promotes secondary phloem formation during radial st","10.1111/tpj.14670"
"Time-series transcriptomics reveals a drought-responsive temporal network and cr","10.1111/tpj.15725"
"Spatial transcriptomics drives a new era in plant research.","10.1111/tpj.16437"
"Faculty Opinions recommendation of Cistrome and epicistrome features shape the r","10.3410/f.726368176.793518729"
"Faculty Opinions recommendation of Cis and trans determinants of epigenetic sile","10.3410/f.729069926.793540548"
"Faculty Opinions recommendation of The heterodimeric transcription factor comple","10.3410/f.726907401.793526573"
"Arabidopsis mesophyll protoplasts: a versatile cell system for transient gene ex","10.1038/nprot.2007.199"
"Faculty Opinions recommendation of Construction of a human cell landscape at sin","10.3410/f.737616688.793575841"
"PIN-mediated polar auxin transport regulations in plant tropic responses.","10.1111/nph.17617"
"Single-cell transcriptome atlas of the leaf and root of rice seedlings.","10.1016/j.jgg.2021.06.001"
"Cross-stage single-cell and spatial metabolome analyses reveal periderm speciali","10.1111/nph.71285"
"Single-cell insights into plant growth, adaptation, and evolution.","10.1111/jipb.70272"
"created: 2026-05-28","10.1016/j.tplants.2026.03.003内容："
"Spatiotemporal Metabolome and Single-Nucleus Transcriptome Integration Illuminat","10.1111/pbi.70672"
"Single-nucleus RNA sequencing reveals transcriptional response of wheat roots an","10.1016/j.cj.2026.03.017"
"单细胞转录组解码被子植物木质部发育","10.1111/pce.70169"
